data,hospitais_relataram_estado_critico,hospitais_relataram_estado_nao_critico,hospitais_previram_estado_critico,hospitais_previram_estado_nao_critico,admissoes_adultos_covid_confirmado,pacientes_uti_adultos_covid_confirmado,internacoes_pediatricas_covid_confirmado,total_leitos_uti_adultos,mortes_covid,total_testes_acumulado,testes_diarios,media_movel_testes_diarios,taxa_positividade_curto_prazo,testes_por_caso_curto_prazo
2020-03-01,0,0,0,0,0.0,0.0,0.0,0,0.0,348.0,348.0,,,
2020-03-02,0,0,0,0,0.0,0.0,0.0,0,1.0,863.0,515.0,,,
2020-03-03,0,0,0,0,0.0,0.0,0.0,0,6.0,1480.0,617.0,,,
2020-03-04,0,0,0,0,0.0,0.0,0.0,0,0.0,2369.0,889.0,,,
2020-03-05,0,0,0,0,0.0,0.0,0.0,0,0.0,3572.0,1203.0,,,
2020-03-06,0,0,0,0,0.0,0.0,0.0,0,0.0,5095.0,1523.0,,,
2020-03-07,0,0,0,0,0.0,0.0,0.0,0,0.0,6867.0,1772.0,,0.107,9.3
2020-03-08,0,0,0,0,0.0,0.0,0.0,0,1.0,8505.0,1638.0,1165.0,0.111,9.0
2020-03-09,0,0,0,0,0.0,0.0,0.0,0,1.0,10902.0,2397.0,1434.0,0.109,9.2
2020-03-10,0,0,0,0,0.0,0.0,0.0,0,1.0,14382.0,3480.0,1843.0,0.113,8.8
2020-03-11,0,0,0,0,0.0,0.0,0.0,0,0.0,19214.0,4832.0,2406.0,0.111,9.0
2020-03-12,0,0,0,0,0.0,0.0,0.0,0,2.0,28105.0,8891.0,3505.0,0.104,9.6
2020-03-13,0,0,0,0,0.0,0.0,0.0,0,1.0,39833.0,11728.0,4963.0,0.099,10.1
2020-03-14,0,0,0,0,0.0,0.0,0.0,0,3.0,52880.0,13047.0,6573.0,0.098,10.2
2020-03-15,0,0,0,0,0.0,0.0,0.0,0,2.0,67322.0,14442.0,8402.0,0.096,10.4
2020-03-16,0,0,0,0,0.0,0.0,0.0,0,4.0,94650.0,27328.0,11964.0,0.097,10.3
2020-03-17,0,0,0,0,0.0,0.0,0.0,0,4.0,134499.0,39849.0,17160.0,0.104,9.6
2020-03-18,0,0,0,0,0.0,0.0,0.0,0,8.0,184895.0,50396.0,23669.0,0.111,9.0
2020-03-19,0,0,0,0,0.0,0.0,0.0,0,12.0,245562.0,60667.0,31065.0,0.114,8.8
2020-03-20,0,0,0,0,0.0,0.0,0.0,0,8.0,321885.0,76323.0,40293.0,0.121,8.3
2020-03-21,0,0,0,0,0.0,0.0,0.0,0,10.0,397690.0,75805.0,49259.0,0.129,7.8
2020-03-22,0,0,0,0,1.0,0.0,0.0,0,17.0,471628.0,73938.0,57758.0,0.137,7.3
2020-03-23,0,0,0,0,1.0,0.0,0.0,0,21.0,551491.0,79863.0,65263.0,0.146,6.8
2020-03-24,0,0,0,0,2.0,0.0,0.0,0,18.0,656096.0,104605.0,74514.0,0.154,6.5
2020-03-25,0,0,0,0,3.0,0.0,0.0,0,34.0,770807.0,114711.0,83702.0,0.16,6.2
2020-03-26,0,1,0,1,2.0,0.0,0.0,1,97.0,900092.0,129285.0,93504.0,0.168,6.0
2020-03-27,0,1,0,1,2.0,0.0,0.0,1,52.0,1035942.0,135850.0,102008.0,0.174,5.7
2020-03-28,0,1,0,1,2.0,0.0,0.0,1,64.0,1157698.0,121756.0,108573.0,0.18,5.6
2020-03-29,0,1,0,1,4.0,0.0,0.0,1,80.0,1267961.0,110263.0,113762.0,0.184,5.4
2020-03-30,0,1,0,1,2.0,0.0,0.0,1,258.0,1391454.0,123493.0,119995.0,0.188,5.3
2020-03-31,0,1,0,1,2.0,0.0,0.0,1,413.0,1533740.0,142286.0,125378.0,0.193,5.2
2020-04-01,0,1,0,1,2.0,0.0,0.0,1,640.0,1686877.0,153137.0,130867.0,0.199,5.0
2020-04-02,0,1,0,1,2.0,0.0,0.0,1,826.0,1848672.0,161795.0,135511.0,0.204,4.9
2020-04-03,0,1,0,1,2.0,0.0,0.0,1,960.0,2017976.0,169304.0,140291.0,0.207,4.8
2020-04-04,0,0,0,0,2.0,0.0,0.0,0,1095.0,2165734.0,147758.0,144005.0,0.209,4.8
2020-04-05,0,0,0,0,0.0,0.0,0.0,0,1017.0,2304390.0,138656.0,148061.0,0.21,4.8
2020-04-06,0,0,0,0,74.0,0.0,0.0,0,1077.0,2447497.0,143107.0,150863.0,0.211,4.7
2020-04-07,0,0,0,0,76.0,0.0,0.0,0,1098.0,2627490.0,179993.0,156250.0,0.208,4.8
2020-04-08,0,0,0,0,64.0,0.0,0.0,0,1169.0,2795824.0,168334.0,158421.0,0.206,4.9
2020-04-09,0,0,0,0,74.0,45.0,0.0,0,1264.0,2969900.0,174076.0,160175.0,0.205,4.9
2020-04-10,6,46,6,46,133.0,69.0,6.0,58,1216.0,3142018.0,172118.0,160577.0,0.205,4.9
2020-04-11,6,47,6,47,102.0,76.0,6.0,59,1225.0,3352511.0,210493.0,169540.0,0.2,5.0
2020-04-12,6,47,6,47,123.0,79.0,6.0,59,1238.0,3464086.0,111575.0,165671.0,0.2,5.0
2020-04-13,6,45,6,45,113.0,78.0,6.0,56,1378.0,3578297.0,114211.0,161543.0,0.199,5.0
2020-04-14,6,45,6,45,104.0,84.0,6.0,56,1550.0,3740883.0,162586.0,159056.0,0.198,5.1
2020-04-15,0,1,0,1,56.0,61.0,0.0,1,1182.0,3913295.0,172412.0,159639.0,0.197,5.1
2020-04-16,0,1,0,1,38.0,56.0,0.0,16,1106.0,4097588.0,184293.0,161098.0,0.194,5.2
2020-04-17,0,1,0,1,86.0,52.0,0.0,16,1145.0,4296205.0,198617.0,164884.0,0.188,5.3
2020-04-18,0,2,0,2,67.0,52.0,0.0,25,1363.0,4463573.0,167368.0,158723.0,0.188,5.3
2020-04-19,0,2,0,2,83.0,52.0,0.0,25,796.0,4597996.0,134423.0,161987.0,0.183,5.5
2020-04-20,0,1,0,1,66.0,0.0,0.0,21,1020.0,4758541.0,160545.0,168606.0,0.178,5.6
2020-04-21,0,1,0,1,48.0,0.0,0.0,19,963.0,4979861.0,221320.0,176997.0,0.173,5.8
2020-04-22,0,1,0,1,0.0,0.0,0.0,22,1037.0,5215797.0,235936.0,186072.0,0.166,6.0
2020-04-23,0,1,0,1,50.0,0.0,0.0,24,1077.0,5449169.0,233372.0,193083.0,0.162,6.2
2020-04-24,0,1,0,1,68.0,0.0,0.0,26,1200.0,5708841.0,259672.0,201805.0,0.158,6.3
2020-04-25,0,2,0,2,65.0,0.0,0.0,31,1131.0,5928518.0,219677.0,209278.0,0.155,6.5
2020-04-26,0,2,0,2,41.0,0.0,0.0,32,1032.0,6100208.0,171690.0,214602.0,0.154,6.5
2020-04-27,0,2,0,2,48.0,0.0,0.0,27,1081.0,6326139.0,225931.0,223943.0,0.151,6.6
2020-04-28,0,2,0,2,44.0,0.0,0.0,26,1203.0,6595978.0,269839.0,230874.0,0.146,6.8
2020-04-29,0,2,0,2,68.0,0.0,0.0,26,1289.0,6890877.0,294899.0,239297.0,0.143,7.0
2020-04-30,0,2,0,2,111.0,0.0,0.0,24,1194.0,7213558.0,322681.0,252056.0,0.139,7.2
2020-05-01,0,2,0,2,101.0,0.0,0.0,25,1302.0,7550390.0,336832.0,263078.0,0.136,7.4
2020-05-02,0,2,0,2,103.0,30.0,0.0,21,1229.0,7818844.0,268454.0,270047.0,0.132,7.6
2020-05-03,0,2,0,2,82.0,32.0,0.0,30,1067.0,8026548.0,207704.0,275191.0,0.128,7.8
2020-05-04,0,2,0,2,78.0,30.0,0.0,24,1149.0,8277321.0,250773.0,278740.0,0.124,8.1
2020-05-05,0,2,0,2,66.0,27.0,0.0,26,1118.0,8596779.0,319458.0,285829.0,0.121,8.3
2020-05-06,0,2,0,2,27.0,26.0,0.0,26,1061.0,8956540.0,359761.0,295095.0,0.116,8.6
2020-05-07,0,2,0,2,64.0,31.0,0.0,27,1114.0,9319275.0,362735.0,300817.0,0.112,8.9
2020-05-08,0,2,0,2,74.0,28.0,0.0,26,1170.0,9723038.0,403763.0,310378.0,0.106,9.4
2020-05-09,0,2,0,2,82.0,24.0,0.0,31,915.0,10058825.0,335787.0,319997.0,0.103,9.7
2020-05-10,0,2,0,2,60.0,28.0,0.0,31,879.0,10307904.0,249079.0,325908.0,0.1,10.0
2020-05-11,0,2,0,2,53.0,27.0,0.0,16,983.0,10627842.0,319938.0,335789.0,0.097,10.3
2020-05-12,0,5,1,4,54.0,28.0,0.0,27,963.0,11049907.0,422065.0,350447.0,0.092,10.9
2020-05-13,0,11,2,9,60.0,30.0,0.0,27,1036.0,11500351.0,450444.0,363402.0,0.088,11.4
2020-05-14,0,10,2,8,71.0,32.0,0.0,26,1042.0,11950750.0,450399.0,375925.0,0.085,11.8
2020-05-15,0,12,3,10,62.0,33.0,0.0,27,632.0,12396428.0,445678.0,381913.0,0.083,12.0
2020-05-16,0,10,3,8,93.0,30.0,0.0,23,606.0,12762569.0,366141.0,386249.0,0.082,12.2
2020-05-17,0,10,3,8,66.0,24.0,0.0,23,585.0,13067038.0,304469.0,394162.0,0.082,12.2
2020-05-18,0,12,3,10,63.0,27.0,0.0,27,2729.0,13420178.0,353140.0,398905.0,0.081,12.3
2020-05-19,0,12,3,10,69.0,36.0,0.0,27,2727.0,13854260.0,434082.0,400622.0,0.08,12.5
2020-05-20,0,12,3,10,82.0,35.0,0.0,27,2767.0,14317266.0,463006.0,402416.0,0.079,12.7
2020-05-21,0,13,3,11,60.0,35.0,0.0,28,2758.0,14777089.0,459823.0,403763.0,0.077,13.0
2020-05-22,0,10,3,8,21.0,30.0,0.0,21,2782.0,15269699.0,492610.0,410467.0,0.076,13.2
2020-05-23,0,9,3,7,58.0,25.0,0.0,20,2795.0,15660091.0,390392.0,413932.0,0.074,13.5
2020-05-24,0,9,3,7,46.0,25.0,0.0,20,2734.0,16007015.0,346924.0,419997.0,0.072,13.9
2020-05-25,0,10,3,8,46.0,25.0,0.0,21,2786.0,16336135.0,329120.0,416565.0,0.071,14.1
2020-05-26,1,11,4,9,39.0,28.0,0.0,25,2738.0,16797638.0,461503.0,420483.0,0.07,14.3
2020-05-27,1,8,4,6,46.0,1.0,0.0,19,2784.0,17351427.0,553789.0,433452.0,0.068,14.7
2020-05-28,1,8,4,6,46.0,1.0,0.0,19,2743.0,17888192.0,536765.0,444443.0,0.068,14.7
2020-05-29,1,13,4,11,46.0,10.0,0.0,28,2616.0,18435513.0,547321.0,452259.0,0.067,14.9
2020-05-30,1,14,4,12,40.0,17.0,0.0,33,2543.0,18889687.0,454174.0,461371.0,0.066,15.2
2020-05-31,1,14,4,12,40.0,16.0,0.0,33,2531.0,19263248.0,373561.0,465176.0,0.065,15.4
2020-06-01,1,12,4,10,34.0,6.0,0.0,26,2578.0,19702700.0,439452.0,480938.0,0.064,15.6
2020-06-02,1,12,4,10,27.0,8.0,0.0,26,2567.0,20224997.0,522297.0,489623.0,0.063,15.9
2020-06-03,1,12,4,10,23.0,7.0,0.0,26,2697.0,20807626.0,582629.0,493743.0,0.062,16.1
2020-06-04,1,12,4,10,30.0,5.0,0.0,26,371.0,21426434.0,618808.0,505463.0,0.061,16.4
2020-06-05,1,14,4,12,27.0,11.0,0.0,27,431.0,21999862.0,573428.0,509193.0,0.06,16.7
2020-06-06,1,17,4,15,27.0,16.0,0.0,35,376.0,22464445.0,464583.0,510680.0,0.059,16.9
2020-06-07,1,17,4,15,32.0,16.0,0.0,35,343.0,22870161.0,405716.0,515273.0,0.058,17.2
2020-06-08,1,15,4,13,23.0,5.0,0.0,28,397.0,23319580.0,449419.0,516697.0,0.059,16.9
2020-06-09,1,10,3,8,20.0,5.0,0.0,20,379.0,23880166.0,560586.0,522167.0,0.058,17.2
2020-06-10,1,8,2,7,54.0,2.0,0.0,18,385.0,24509206.0,629040.0,528797.0,0.058,17.2
2020-06-11,1,8,2,7,59.0,2.0,0.0,18,407.0,25124266.0,615060.0,528262.0,0.057,17.5
2020-06-12,2,16,3,15,48.0,15.0,0.0,29,331.0,25741024.0,616758.0,534452.0,0.058,17.2
2020-06-13,2,21,3,20,44.0,17.0,0.0,39,284.0,26272873.0,531849.0,544061.0,0.058,17.2
2020-06-14,2,20,3,19,40.0,18.0,0.0,38,299.0,26686077.0,413204.0,545131.0,0.059,16.9
2020-06-15,1,11,2,10,25.0,2.0,0.0,22,351.0,27192712.0,506635.0,553305.0,0.061,16.4
2020-06-16,2,16,3,15,34.0,5.0,0.0,28,338.0,27865885.0,673173.0,569388.0,0.063,15.9
2020-06-17,2,16,3,15,29.0,5.0,0.0,28,294.0,28572066.0,706181.0,580409.0,0.066,15.2
2020-06-18,2,15,3,14,36.0,4.0,0.0,27,303.0,29274269.0,702203.0,592858.0,0.069,14.5
2020-06-19,2,15,3,14,39.0,14.0,0.0,28,259.0,29978796.0,704527.0,605396.0,0.072,13.9
2020-06-20,2,20,3,19,43.0,14.0,0.0,38,256.0,30563132.0,584336.0,612894.0,0.074,13.5
2020-06-21,2,20,3,19,45.0,14.0,0.0,38,264.0,30984606.0,421474.0,614076.0,0.075,13.3
2020-06-22,2,14,3,13,51.0,11.0,0.0,27,371.0,31532732.0,548126.0,620003.0,0.077,13.0
2020-06-23,2,14,3,13,68.0,24.0,0.0,27,319.0,32233546.0,700814.0,623952.0,0.078,12.8
2020-06-24,2,14,3,13,61.0,7.0,0.0,27,359.0,33000820.0,767274.0,632679.0,0.079,12.7
2020-06-25,2,14,3,13,67.0,10.0,0.0,28,406.0,33772562.0,771742.0,642613.0,0.08,12.5
2020-06-26,2,14,3,13,92.0,9.0,0.0,28,404.0,34582858.0,810296.0,657723.0,0.083,12.0
2020-06-27,2,20,3,19,86.0,15.0,0.0,40,410.0,35276698.0,693840.0,673367.0,0.085,11.8
2020-06-28,2,19,3,18,86.0,14.0,0.0,39,443.0,35843099.0,566401.0,694070.0,0.086,11.6
2020-06-29,2,15,3,14,113.0,11.0,0.0,30,485.0,36508253.0,665154.0,710789.0,0.088,11.4
2020-06-30,2,11,3,10,145.0,11.0,0.0,23,434.0,37364667.0,856414.0,733017.0,0.091,11.0
2020-07-01,2,16,3,15,128.0,6.0,0.0,31,437.0,38249704.0,885037.0,749841.0,0.094,10.6
2020-07-02,2,17,3,16,115.0,2.0,0.0,33,362.0,39108708.0,859004.0,762307.0,0.097,10.3
2020-07-03,2,21,3,20,128.0,6.0,0.0,36,437.0,39910121.0,801413.0,761038.0,0.098,10.2
2020-07-04,2,21,3,20,113.0,16.0,0.0,42,434.0,40530960.0,620839.0,750609.0,0.1,10.0
2020-07-05,2,22,3,21,104.0,15.0,0.0,43,466.0,41058075.0,527115.0,744997.0,0.102,9.8
2020-07-06,2,15,3,14,110.0,13.0,0.0,31,512.0,41784009.0,725934.0,753679.0,0.104,9.6
2020-07-07,2,17,3,16,114.0,13.0,0.0,33,552.0,42687872.0,903863.0,760458.0,0.105,9.5
2020-07-08,2,17,3,16,137.0,18.0,0.0,35,471.0,43669151.0,981279.0,774207.0,0.105,9.5
2020-07-09,2,16,3,15,140.0,21.0,0.0,70,429.0,44681497.0,1012346.0,796113.0,0.105,9.5
2020-07-10,9,62,11,62,194.0,61.0,5.0,131,413.0,45697903.0,1016406.0,826826.0,0.105,9.5
2020-07-11,4,26,6,25,168.0,208.0,0.0,142,471.0,46538398.0,840495.0,858205.0,0.105,9.5
2020-07-12,4,26,6,25,174.0,214.0,0.0,142,449.0,47236508.0,698110.0,882633.0,0.104,9.6
2020-07-13,4,21,6,20,221.0,211.0,0.0,138,424.0,48104806.0,868298.0,902971.0,0.104,9.6
2020-07-14,5,27,6,26,349.0,344.0,0.0,211,332.0,49109041.0,1004235.0,917310.0,0.104,9.6
2020-07-15,242,1074,306,948,3681.0,9245.0,735.0,1434,648.0,50144736.0,1035695.0,925084.0,0.103,9.7
2020-07-16,334,1259,409,1092,4382.0,9797.0,795.0,1761,526.0,51174133.0,1029397.0,927519.0,0.102,9.8
2020-07-17,417,1458,487,1289,4714.0,10700.0,1279.0,1959,532.0,52221904.0,1047771.0,932000.0,0.101,9.9
2020-07-18,418,1385,488,1221,4378.0,10963.0,1230.0,1947,440.0,53134643.0,912739.0,942321.0,0.1,10.0
2020-07-19,418,1427,493,1257,3507.0,10267.0,806.0,1816,394.0,53853153.0,718510.0,945235.0,0.098,10.2
2020-07-20,440,1528,504,1345,3918.0,11291.0,681.0,2043,497.0,54761005.0,907852.0,950886.0,0.098,10.2
2020-07-21,476,1693,545,1506,4935.0,11458.0,811.0,2183,570.0,55797737.0,1036732.0,955528.0,0.097,10.3
2020-07-22,628,2283,720,2070,4382.0,12487.0,795.0,2751,739.0,56907894.0,1110157.0,966165.0,0.096,10.4
2020-07-23,676,2742,797,2524,4721.0,13916.0,709.0,3704,1079.0,57992334.0,1084440.0,974029.0,0.095,10.5
2020-07-24,707,2810,811,2602,4950.0,13627.0,695.0,3855,838.0,59067408.0,1075074.0,977929.0,0.093,10.8
2020-07-25,709,2984,813,2782,5338.0,14402.0,4327.0,3972,804.0,59949657.0,882249.0,973573.0,0.093,10.8
2020-07-26,689,2943,784,2814,4399.0,12403.0,598.0,4015,874.0,60627606.0,677949.0,967779.0,0.093,10.8
2020-07-27,750,2962,848,2836,4885.0,14230.0,569.0,4078,727.0,61425685.0,798079.0,952097.0,0.091,11.0
2020-07-28,754,3077,882,2927,6003.0,14578.0,545.0,4159,767.0,62394274.0,968589.0,942362.0,0.09,11.1
2020-07-29,762,3169,881,3033,5146.0,14021.0,663.0,4284,901.0,63435253.0,1040979.0,932480.0,0.088,11.4
2020-07-30,782,3199,905,3061,5210.0,14653.0,638.0,4372,1305.0,64473913.0,1038660.0,925940.0,0.088,11.4
2020-07-31,788,3189,904,3032,6159.0,14603.0,640.0,4383,1348.0,65464901.0,990988.0,913928.0,0.086,11.6
2020-08-01,766,3156,884,3024,5920.0,14400.0,655.0,4277,1314.0,66257905.0,793004.0,901178.0,0.084,11.9
2020-08-02,743,3083,856,2961,4406.0,14053.0,1489.0,4323,1329.0,66882462.0,624557.0,893551.0,0.083,12.0
2020-08-03,780,3148,889,3035,4376.0,14245.0,632.0,4416,1288.0,67659829.0,777367.0,890592.0,0.082,12.2
2020-08-04,778,3184,894,3064,4965.0,14116.0,628.0,4417,1230.0,68544087.0,884258.0,878545.0,0.081,12.3
2020-08-05,803,3210,906,3108,4711.0,14059.0,680.0,4325,1329.0,69510054.0,965967.0,867829.0,0.079,12.7
2020-08-06,777,3249,884,3141,4792.0,13885.0,650.0,4371,1249.0,70501120.0,991066.0,861030.0,0.076,13.2
2020-08-07,789,3373,909,3258,4792.0,13769.0,692.0,4376,1275.0,71517263.0,1016143.0,864623.0,0.075,13.3
2020-08-08,774,3401,900,3278,4539.0,13358.0,724.0,4398,1270.0,72333228.0,815965.0,867903.0,0.073,13.7
2020-08-09,747,3369,871,3243,4020.0,13163.0,706.0,4360,1216.0,72959998.0,626770.0,868219.0,0.073,13.7
2020-08-10,792,3437,917,3314,3979.0,13181.0,792.0,4452,1246.0,73745438.0,785440.0,869373.0,0.071,14.1
2020-08-11,795,3412,917,3285,4648.0,13058.0,933.0,4449,1241.0,74655066.0,909628.0,872997.0,0.07,14.3
2020-08-12,771,3433,913,3297,4329.0,12868.0,715.0,4458,1274.0,75683714.0,1028648.0,881951.0,0.068,14.7
2020-08-13,780,3419,906,3290,4473.0,12677.0,734.0,4443,1220.0,76664393.0,980679.0,880468.0,0.067,14.9
2020-08-14,798,3446,924,3313,4710.0,12512.0,749.0,4453,1254.0,77626301.0,961908.0,872720.0,0.065,15.4
2020-08-15,779,3511,902,3374,4662.0,12246.0,680.0,4406,1223.0,78394254.0,767953.0,865861.0,0.064,15.6
2020-08-16,766,3497,868,3378,4091.0,11991.0,641.0,4380,1143.0,78967257.0,573003.0,858180.0,0.063,15.9
2020-08-17,781,3551,904,3415,4502.0,11967.0,604.0,4419,1177.0,79644369.0,677112.0,842704.0,0.063,15.9
2020-08-18,774,3533,893,3398,4646.0,11958.0,510.0,4529,1137.0,80540237.0,895868.0,840739.0,0.061,16.4
2020-08-19,771,3557,907,3416,4178.0,11571.0,537.0,4530,1189.0,81545629.0,1005392.0,837416.0,0.06,16.7
2020-08-20,792,3531,922,3403,4332.0,11263.0,496.0,4545,1232.0,82542720.0,997091.0,839761.0,0.059,16.9
2020-08-21,800,3556,915,3439,4086.0,11023.0,560.0,4563,664.0,83508569.0,965849.0,840324.0,0.058,17.2
2020-08-22,769,3581,906,3440,4438.0,10779.0,535.0,4632,606.0,84303144.0,794575.0,844127.0,0.057,17.5
2020-08-23,763,3587,906,3441,3636.0,10738.0,541.0,4635,530.0,84865265.0,562121.0,842573.0,0.057,17.5
2020-08-24,781,3597,913,3457,3678.0,10691.0,503.0,4645,554.0,85532343.0,667078.0,841139.0,0.056,17.9
2020-08-25,760,3592,902,3455,4296.0,10603.0,422.0,4649,648.0,86438719.0,906376.0,842640.0,0.056,17.9
2020-08-26,790,3598,919,3475,4332.0,10383.0,377.0,4683,635.0,87457021.0,1018302.0,844485.0,0.056,17.9
2020-08-27,785,3698,922,3589,4077.0,9905.0,413.0,4655,610.0,88478121.0,1021100.0,847914.0,0.056,17.9
2020-08-28,815,3740,949,3629,4566.0,9883.0,426.0,4697,568.0,89465751.0,987630.0,851026.0,0.056,17.9
2020-08-29,810,3763,950,3643,4518.0,9697.0,443.0,4707,518.0,90264446.0,798695.0,851615.0,0.055,18.2
2020-08-30,780,3762,930,3632,3837.0,9549.0,419.0,4680,551.0,90879362.0,614916.0,859157.0,0.055,18.2
2020-08-31,814,3787,944,3680,3830.0,9509.0,457.0,4732,539.0,91541345.0,661983.0,858429.0,0.055,18.2
2020-09-01,807,3820,957,3694,4034.0,9472.0,595.0,4741,605.0,92449482.0,908137.0,858680.0,0.055,18.2
2020-09-02,826,3844,967,3729,3996.0,9362.0,547.0,4781,602.0,93477339.0,1027857.0,860045.0,0.054,18.5
2020-09-03,831,4002,977,3879,3744.0,9232.0,584.0,4821,545.0,94510661.0,1033322.0,861791.0,0.054,18.5
2020-09-04,841,4020,990,3900,3961.0,9228.0,554.0,4848,521.0,95510759.0,1000098.0,863573.0,0.053,18.9
2020-09-05,812,4032,959,3907,3660.0,9091.0,512.0,4844,540.0,96327782.0,817023.0,866191.0,0.052,19.2
2020-09-06,904,3951,1043,3836,3240.0,9010.0,457.0,4837,487.0,96893869.0,566087.0,859215.0,0.052,19.2
2020-09-07,876,4046,1033,3911,3349.0,8974.0,471.0,4827,452.0,97309127.0,415258.0,823969.0,0.052,19.2
2020-09-08,898,3984,1038,3867,3591.0,8971.0,481.0,4854,544.0,97973605.0,664478.0,789160.0,0.051,19.6
2020-09-09,910,4081,1038,3977,4454.0,8784.0,499.0,4884,887.0,98933342.0,959737.0,779429.0,0.05,20.0
2020-09-10,908,4106,1032,4003,4421.0,8590.0,491.0,4903,541.0,100022025.0,1088683.0,787338.0,0.049,20.4
2020-09-11,931,4105,1044,4018,4388.0,8529.0,519.0,4923,491.0,101123043.0,1101018.0,801755.0,0.047,21.3
2020-09-12,887,4124,1018,4017,3976.0,8312.0,476.0,4926,479.0,101989357.0,866314.0,808796.0,0.047,21.3
2020-09-13,884,4024,1027,3909,3676.0,8261.0,413.0,4905,500.0,102617699.0,628342.0,817690.0,0.047,21.3
2020-09-14,910,4109,1049,3995,2974.0,8264.0,488.0,4923,461.0,103326930.0,709231.0,859686.0,0.046,21.7
2020-09-15,918,4034,1046,3931,3814.0,8158.0,746.0,4937,510.0,104295010.0,968080.0,903058.0,0.046,21.7
2020-09-16,902,4137,1037,4025,3388.0,8074.0,540.0,4936,557.0,105435366.0,1140356.0,928861.0,0.046,21.7
2020-09-17,914,4095,1040,3989,3495.0,8025.0,540.0,4976,498.0,106593984.0,1158618.0,938851.0,0.046,21.7
2020-09-18,856,4235,972,4145,3449.0,7970.0,526.0,4983,464.0,107824213.0,1230229.0,957310.0,0.046,21.7
2020-09-19,828,4176,950,4080,3359.0,7833.0,542.0,4986,465.0,108763392.0,939179.0,967719.0,0.045,22.2
2020-09-20,808,4175,942,4069,3003.0,7840.0,555.0,4977,466.0,109387997.0,624605.0,967185.0,0.045,22.2
2020-09-21,843,4270,977,4160,3126.0,7856.0,623.0,4995,468.0,110139058.0,751061.0,973161.0,0.046,21.7
2020-09-22,849,4187,976,4084,3657.0,7862.0,625.0,5004,486.0,111169463.0,1030405.0,982065.0,0.046,21.7
2020-09-23,852,4274,993,4159,3599.0,7861.0,613.0,5024,453.0,112375293.0,1205830.0,991418.0,0.046,21.7
2020-09-24,834,4241,981,4119,3496.0,7830.0,588.0,5059,475.0,113578605.0,1203312.0,997803.0,0.046,21.7
2020-09-25,859,4337,996,4227,3558.0,7813.0,600.0,5093,457.0,114709318.0,1130713.0,983586.0,0.046,21.7
2020-09-26,829,4342,978,4219,3624.0,7796.0,410.0,5091,444.0,115648976.0,939658.0,983655.0,0.047,21.3
2020-09-27,837,4327,982,4210,3219.0,8067.0,398.0,5087,440.0,116246681.0,597705.0,979812.0,0.047,21.3
2020-09-28,874,4200,996,4182,3620.0,7915.0,401.0,5131,424.0,116915108.0,668427.0,968007.0,0.048,20.8
2020-09-29,852,4310,993,4200,4025.0,8043.0,463.0,5144,551.0,117900333.0,985225.0,961553.0,0.048,20.8
2020-09-30,868,4337,1018,4226,3899.0,8070.0,567.0,5159,432.0,119102012.0,1201679.0,960960.0,0.048,20.8
2020-10-01,862,4442,1011,4244,3951.0,8005.0,584.0,5169,462.0,120327456.0,1225444.0,964122.0,0.048,20.8
2020-10-02,893,4446,1023,4260,3805.0,7957.0,554.0,5187,509.0,121520344.0,1192888.0,973004.0,0.049,20.4
2020-10-03,858,4441,987,4252,4133.0,7964.0,553.0,5173,500.0,122496961.0,976617.0,978284.0,0.048,20.8
2020-10-04,849,4451,984,4254,3572.0,8119.0,518.0,5181,418.0,123138477.0,641516.0,984542.0,0.048,20.8
2020-10-05,900,4505,1022,4329,4488.0,8332.0,535.0,5217,559.0,123946447.0,807970.0,1004477.0,0.048,20.8
2020-10-06,894,4559,1032,4364,5245.0,8569.0,592.0,5217,485.0,125174661.0,1228214.0,1039190.0,0.048,20.8
2020-10-07,906,4576,1065,4368,4712.0,8638.0,581.0,5228,477.0,126588959.0,1414298.0,1069564.0,0.048,20.8
2020-10-08,921,4617,1080,4416,4737.0,8624.0,599.0,5288,506.0,128024046.0,1435087.0,1099513.0,0.048,20.8
2020-10-09,934,4647,1083,4456,4664.0,8723.0,606.0,5334,495.0,129426598.0,1402552.0,1129465.0,0.049,20.4
2020-10-10,921,4672,1056,4489,4670.0,8731.0,617.0,5358,520.0,130533269.0,1106671.0,1148044.0,0.049,20.4
2020-10-11,914,4684,1063,4487,4446.0,8819.0,621.0,5347,473.0,131281413.0,748144.0,1163277.0,0.05,20.0
2020-10-12,924,4670,1074,4482,4569.0,9057.0,491.0,5355,498.0,132092522.0,811109.0,1163725.0,0.052,19.2
2020-10-13,934,4644,1091,4450,5334.0,9412.0,492.0,5354,501.0,133158440.0,1065918.0,1140540.0,0.053,18.9
2020-10-14,951,4704,1113,4503,5267.0,9303.0,487.0,5442,488.0,134391289.0,1232849.0,1114619.0,0.055,18.2
2020-10-15,965,4705,1134,4503,5180.0,9478.0,430.0,5472,496.0,135698057.0,1306768.0,1096287.0,0.057,17.5
2020-10-16,980,4733,1143,4538,5447.0,9538.0,559.0,5511,584.0,137030071.0,1332014.0,1086210.0,0.058,17.2
2020-10-17,950,4741,1127,4536,5423.0,9516.0,551.0,5515,518.0,138151009.0,1120938.0,1088249.0,0.058,17.2
2020-10-18,956,4721,1129,4519,5100.0,9725.0,532.0,5514,539.0,138922174.0,771165.0,1091537.0,0.059,16.9
2020-10-19,955,4686,1131,4483,5132.0,10075.0,484.0,5504,556.0,139798503.0,876329.0,1100854.0,0.059,16.9
2020-10-20,941,4683,1105,4493,6115.0,10215.0,466.0,5543,563.0,141076726.0,1278223.0,1131184.0,0.06,16.7
2020-10-21,958,4763,1124,4572,5903.0,10437.0,340.0,5691,557.0,142557663.0,1480937.0,1166625.0,0.06,16.7
2020-10-22,976,4763,1138,4590,6071.0,10650.0,373.0,5732,554.0,144091477.0,1533814.0,1199060.0,0.061,16.4
2020-10-23,977,4785,1148,4594,6048.0,10712.0,358.0,5751,531.0,145558274.0,1466797.0,1218315.0,0.063,15.9
2020-10-24,947,4791,1138,4583,6187.0,10711.0,380.0,5754,505.0,146738672.0,1180398.0,1226809.0,0.064,15.6
2020-10-25,933,4791,1134,4572,5341.0,10853.0,361.0,5747,507.0,147532944.0,794272.0,1230110.0,0.066,15.2
2020-10-26,952,4520,1129,4336,5463.0,11110.0,333.0,5489,532.0,148488181.0,955237.0,1241383.0,0.067,14.9
2020-10-27,939,4519,1120,4334,6489.0,11434.0,341.0,5532,526.0,149829190.0,1341009.0,1250352.0,0.068,14.7
2020-10-28,969,4772,1165,4567,6908.0,11661.0,368.0,5854,785.0,151334105.0,1504915.0,1253777.0,0.069,14.5
2020-10-29,977,4782,1176,4577,7054.0,11827.0,394.0,5881,769.0,152820925.0,1486820.0,1247064.0,0.071,14.1
2020-10-30,994,4810,1172,4608,7319.0,11854.0,466.0,6030,1246.0,154323343.0,1502418.0,1252153.0,0.073,13.7
2020-10-31,1016,4798,1178,4626,6802.0,11887.0,473.0,6025,1303.0,155544168.0,1220825.0,1257928.0,0.074,13.5
2020-11-01,980,4825,1174,4623,6275.0,12131.0,473.0,6021,1204.0,156444102.0,899934.0,1273023.0,0.075,13.3
2020-11-02,982,4541,1159,4360,6733.0,12594.0,457.0,5703,1276.0,157461384.0,1017282.0,1281886.0,0.077,13.0
2020-11-03,988,4523,1158,4350,7812.0,12909.0,444.0,5690,845.0,158826714.0,1365330.0,1285361.0,0.08,12.5
2020-11-04,1000,4872,1193,4680,7977.0,13002.0,427.0,6047,858.0,160460048.0,1633334.0,1303706.0,0.083,12.0
2020-11-05,1011,4852,1194,4669,8362.0,13228.0,457.0,6072,934.0,162156934.0,1696886.0,1333716.0,0.086,11.6
2020-11-06,1026,4824,1208,4639,8680.0,13357.0,483.0,6088,987.0,163835167.0,1678233.0,1358832.0,0.089,11.2
2020-11-07,993,4844,1199,4640,8834.0,13479.0,473.0,6082,936.0,165291740.0,1456573.0,1392510.0,0.091,11.0
2020-11-08,993,4837,1183,4649,8149.0,14008.0,482.0,6076,935.0,166303301.0,1011561.0,1408457.0,0.094,10.6
2020-11-09,1001,4426,1175,4254,8524.0,14409.0,460.0,5691,998.0,167527880.0,1224579.0,1438071.0,0.097,10.3
2020-11-10,1048,4395,1207,4236,10180.0,14835.0,509.0,5699,1016.0,169067534.0,1539654.0,1462974.0,0.1,10.0
2020-11-11,1087,4758,1265,4579,10298.0,15115.0,599.0,6081,1070.0,170859534.0,1792000.0,1485641.0,0.104,9.6
2020-11-12,1118,4736,1289,4563,10417.0,15594.0,605.0,6114,928.0,172713952.0,1854418.0,1508145.0,0.106,9.4
2020-11-13,1115,4688,1307,4497,10580.0,15867.0,621.0,6128,1167.0,174619398.0,1905446.0,1540604.0,0.108,9.3
2020-11-14,1093,4714,1297,4511,10593.0,16238.0,610.0,6124,913.0,176218375.0,1598977.0,1560948.0,0.109,9.2
2020-11-15,1088,4625,1295,4506,10013.0,16808.0,588.0,6115,918.0,177416218.0,1197843.0,1587560.0,0.109,9.2
2020-11-16,1084,4322,1286,4122,10259.0,17538.0,565.0,5731,1024.0,178908952.0,1492734.0,1625867.0,0.108,9.3
2020-11-17,1095,4282,1317,4059,12059.0,18088.0,575.0,5715,1096.0,180814985.0,1906033.0,1678207.0,0.107,9.3
2020-11-18,1137,4746,1363,4521,11951.0,18331.0,664.0,6136,1151.0,182914905.0,2099920.0,1722196.0,0.105,9.5
2020-11-19,1132,4675,1367,4439,12004.0,18742.0,670.0,6143,1109.0,184992189.0,2077284.0,1754034.0,0.104,9.6
2020-11-20,1147,4667,1384,4429,12337.0,18916.0,727.0,6148,1212.0,187143756.0,2151567.0,1789194.0,0.103,9.7
2020-11-21,1134,4673,1377,4428,11975.0,19091.0,715.0,6145,1123.0,189001513.0,1857757.0,1826163.0,0.102,9.8
2020-11-22,1121,4670,1368,4419,10900.0,19658.0,722.0,6138,1062.0,190424346.0,1422833.0,1858304.0,0.101,9.9
2020-11-23,1126,4164,1365,4014,11123.0,20176.0,626.0,5710,1272.0,192098561.0,1674215.0,1884230.0,0.1,10.0
2020-11-24,1123,4275,1361,4033,13364.0,20572.0,637.0,5728,1338.0,194071543.0,1972982.0,1893794.0,0.099,10.1
2020-11-25,1175,4722,1431,4464,13079.0,20831.0,708.0,6153,1413.0,196297714.0,2226171.0,1911830.0,0.099,10.1
2020-11-26,1136,4670,1409,4394,12578.0,21025.0,672.0,6155,1307.0,197804335.0,1506621.0,1830307.0,0.099,10.1
2020-11-27,1149,4573,1412,4398,10978.0,21327.0,653.0,6157,1207.0,199317099.0,1512764.0,1739049.0,0.101,9.9
2020-11-28,1159,4656,1422,4389,12967.0,21483.0,658.0,6156,1354.0,200665842.0,1348743.0,1666333.0,0.104,9.6
2020-11-29,1155,4648,1416,4386,12298.0,21919.0,667.0,6145,1368.0,201817867.0,1152025.0,1627646.0,0.107,9.3
2020-11-30,1133,4151,1375,3996,11990.0,22500.0,630.0,5706,1335.0,203283589.0,1465722.0,1597861.0,0.11,9.1
2020-12-01,1111,4268,1385,3987,14253.0,22868.0,700.0,5713,1447.0,205127934.0,1844345.0,1579484.0,0.113,8.8
2020-12-02,1180,4720,1453,4444,13764.0,22962.0,801.0,6159,1573.0,207227673.0,2099739.0,1561423.0,0.118,8.5
2020-12-03,1182,4662,1451,4388,13730.0,23043.0,796.0,6170,1618.0,209376383.0,2148710.0,1653150.0,0.12,8.3
2020-12-04,1184,4575,1447,4309,13845.0,23123.0,847.0,6173,1615.0,211495476.0,2119093.0,1739768.0,0.12,8.3
2020-12-05,1176,4617,1443,4347,13747.0,23172.0,797.0,6173,1550.0,213187805.0,1692329.0,1788852.0,0.12,8.3
2020-12-06,1181,4613,1458,4334,12297.0,23435.0,787.0,6169,1555.0,214481020.0,1293215.0,1809022.0,0.12,8.3
2020-12-07,1168,4201,1425,3941,12536.0,23892.0,752.0,5729,1646.0,216022135.0,1541115.0,1819792.0,0.119,8.4
2020-12-08,1181,4092,1451,3913,14597.0,24197.0,770.0,5728,1657.0,217938260.0,1916125.0,1830047.0,0.119,8.4
2020-12-09,1265,4634,1553,4346,14890.0,24612.0,881.0,6185,1758.0,220063761.0,2125501.0,1833727.0,0.118,8.5
2020-12-10,1229,4490,1528,4281,15065.0,24636.0,852.0,6185,1831.0,222246604.0,2182843.0,1838603.0,0.117,8.5
2020-12-11,1249,4472,1526,4290,15057.0,24747.0,859.0,6187,1671.0,224304185.0,2057581.0,1829816.0,0.117,8.5
2020-12-12,1234,4582,1517,4300,14870.0,24634.0,917.0,6188,1628.0,226027378.0,1723193.0,1834225.0,0.118,8.5
2020-12-13,1232,4521,1510,4305,13247.0,25074.0,909.0,6183,1555.0,227276972.0,1249594.0,1827993.0,0.118,8.5
2020-12-14,1242,4011,1493,3849,13404.0,25560.0,866.0,5719,1730.0,228772064.0,1495092.0,1821418.0,0.119,8.4
2020-12-15,1221,4116,1461,3877,15982.0,25812.0,860.0,5717,1832.0,230718765.0,1946701.0,1825786.0,0.12,8.3
2020-12-16,1266,4560,1530,4382,15394.0,25972.0,923.0,6198,1844.0,232796943.0,2078178.0,1819026.0,0.12,8.3
2020-12-17,1242,4579,1519,4295,15059.0,25894.0,1193.0,6194,1854.0,234850418.0,2053475.0,1800545.0,0.12,8.3
2020-12-18,1251,4484,1512,4309,15063.0,25950.0,958.0,6199,1963.0,236873355.0,2022937.0,1795596.0,0.121,8.3
2020-12-19,1240,4573,1496,4318,14993.0,25801.0,959.0,6197,1997.0,238585641.0,1712286.0,1794038.0,0.12,8.3
2020-12-20,1237,4571,1498,4308,13681.0,26057.0,959.0,6197,1790.0,239863016.0,1277375.0,1798006.0,0.119,8.4
2020-12-21,1216,4116,1462,3868,13997.0,26431.0,866.0,5703,2043.0,241392595.0,1529579.0,1802933.0,0.119,8.4
2020-12-22,1212,4210,1456,3908,16591.0,26730.0,882.0,5792,2094.0,243381459.0,1988864.0,1808956.0,0.118,8.5
2020-12-23,1267,4635,1538,4363,16277.0,26928.0,919.0,6189,2139.0,245662711.0,2281252.0,1837967.0,0.117,8.5
2020-12-24,1270,4457,1525,4294,15647.0,26714.0,913.0,6189,1914.0,247555007.0,1892296.0,1814941.0,0.117,8.5
2020-12-25,1247,4472,1504,4300,14365.0,26559.0,838.0,6191,1930.0,248633270.0,1078263.0,1679988.0,0.119,8.4
2020-12-26,1262,4543,1506,4302,13237.0,26734.0,821.0,6189,1731.0,249627940.0,994670.0,1577471.0,0.122,8.2
2020-12-27,1269,4532,1517,4285,14987.0,27063.0,854.0,6187,1922.0,250578203.0,950263.0,1530741.0,0.124,8.1
2020-12-28,1211,4104,1449,3864,14655.0,27519.0,829.0,5690,2168.0,251888434.0,1310231.0,1499406.0,0.128,7.8
2020-12-29,1079,4233,1293,4019,16430.0,27782.0,913.0,5692,2181.0,253776388.0,1887954.0,1484990.0,0.134,7.5
2020-12-30,1063,4843,1270,4635,16574.0,27697.0,975.0,6201,2171.0,255969427.0,2193039.0,1472388.0,0.141,7.1
2020-12-31,1089,4734,1274,4545,16561.0,27748.0,969.0,6204,2267.0,257894445.0,1925018.0,1477063.0,0.146,6.8
2021-01-01,1024,4742,1235,4529,15849.0,27471.0,935.0,6205,2143.0,259150908.0,1256463.0,1502520.0,0.149,6.7
2021-01-02,1056,4762,1268,4488,14964.0,27614.0,947.0,6205,2047.0,260269978.0,1119070.0,1520291.0,0.15,6.7
2021-01-03,1077,4745,1268,4552,15757.0,28006.0,949.0,6200,2119.0,261322304.0,1052326.0,1534872.0,0.15,6.7
2021-01-04,1077,4240,1251,4065,14899.0,28266.0,943.0,5697,2183.0,262732131.0,1409827.0,1549100.0,0.15,6.7
2021-01-05,1083,4229,1258,4051,17886.0,28528.0,956.0,5692,2369.0,264706824.0,1974693.0,1561491.0,0.149,6.7
2021-01-06,1114,4782,1308,4586,17457.0,28608.0,1089.0,6194,2372.0,267046969.0,2340145.0,1582506.0,0.147,6.8
2021-01-07,1106,4667,1306,4464,16840.0,28491.0,1034.0,6204,2361.0,269309925.0,2262956.0,1630783.0,0.144,6.9
2021-01-08,1084,4615,1288,4406,16765.0,28365.0,1081.0,6204,2340.0,271463204.0,2153279.0,1758899.0,0.14,7.1
2021-01-09,1091,4604,1294,4398,16567.0,28187.0,1073.0,6205,2183.0,273183782.0,1720578.0,1844829.0,0.137,7.3
2021-01-10,1095,4589,1296,4385,14330.0,28370.0,1175.0,6201,2163.0,274354417.0,1170635.0,1861730.0,0.135,7.4
2021-01-11,1075,4114,1260,3926,13996.0,28739.0,953.0,5705,2206.0,275886439.0,1532022.0,1879187.0,0.132,7.6
2021-01-12,1065,4120,1276,3905,16432.0,28891.0,971.0,5698,2308.0,277924904.0,2038465.0,1888297.0,0.128,7.8
2021-01-13,1098,4697,1314,4480,16222.0,28727.0,1012.0,6197,2380.0,280044352.0,2119448.0,1856769.0,0.124,8.1
2021-01-14,1089,4597,1288,4395,16033.0,28527.0,992.0,6198,2363.0,282135989.0,2091637.0,1832295.0,0.121,8.3
2021-01-15,1072,4599,1294,4375,16051.0,28422.0,1001.0,6199,2337.0,284187174.0,2051185.0,1817710.0,0.118,8.5
2021-01-16,1046,4544,1277,4399,15421.0,28120.0,974.0,6200,2240.0,285785798.0,1598624.0,1800288.0,0.116,8.6
2021-01-17,1063,4598,1275,4383,13251.0,27891.0,1040.0,6200,2156.0,286863735.0,1077937.0,1787045.0,0.114,8.8
2021-01-18,1017,4169,1238,3945,12839.0,27831.0,939.0,5695,2177.0,288160178.0,1296443.0,1753391.0,0.112,8.9
2021-01-19,996,4194,1218,3968,14331.0,27584.0,948.0,5703,2309.0,289978990.0,1818812.0,1722012.0,0.11,9.1
2021-01-20,1031,4746,1250,4521,13873.0,26998.0,996.0,6198,2190.0,292123956.0,2144966.0,1725658.0,0.107,9.3
2021-01-21,1005,4679,1238,4443,13679.0,26517.0,1038.0,6201,2261.0,294193057.0,2069101.0,1722438.0,0.104,9.6
2021-01-22,1012,4671,1223,4456,14000.0,26006.0,1090.0,6203,2109.0,296132424.0,1939367.0,1706464.0,0.101,9.9
2021-01-23,973,4684,1190,4459,13120.0,25364.0,984.0,6202,2063.0,297688262.0,1555838.0,1700352.0,0.1,10.0
2021-01-24,979,4695,1183,4486,11203.0,25121.0,996.0,6201,1845.0,298697429.0,1009167.0,1690528.0,0.098,10.2
2021-01-25,958,4178,1137,3995,10518.0,25003.0,1022.0,5697,1899.0,299941038.0,1243609.0,1682980.0,0.097,10.3
2021-01-26,942,4201,1127,4013,13050.0,24897.0,997.0,5696,1961.0,301736090.0,1795052.0,1679586.0,0.095,10.5
2021-01-27,960,4855,1137,4675,12278.0,24353.0,1043.0,6205,1970.0,303815045.0,2078955.0,1670156.0,0.093,10.8
2021-01-28,941,4773,1133,4580,12012.0,23786.0,1023.0,6208,1824.0,305735201.0,1920156.0,1648878.0,0.09,11.1
2021-01-29,927,4782,1120,4586,11033.0,23121.0,998.0,6208,1817.0,307592930.0,1857729.0,1637215.0,0.089,11.2
2021-01-30,909,4802,1110,4598,10890.0,22708.0,955.0,6208,1651.0,309041677.0,1448747.0,1621916.0,0.087,11.5
2021-01-31,900,4796,1091,4603,9386.0,22503.0,896.0,6208,1674.0,309993808.0,952131.0,1613768.0,0.086,11.6
2021-02-01,888,4320,1066,4140,9118.0,22230.0,924.0,5701,1696.0,311032781.0,1038973.0,1584535.0,0.084,11.9
2021-02-02,861,4346,1055,4150,10482.0,21767.0,933.0,5701,1720.0,312674628.0,1641847.0,1562648.0,0.082,12.2
2021-02-03,888,4922,1067,4740,10410.0,21403.0,924.0,6205,1645.0,314554755.0,1880127.0,1534244.0,0.08,12.5
2021-02-04,875,4829,1071,4632,10459.0,20872.0,881.0,6206,1742.0,316495216.0,1940461.0,1537145.0,0.077,13.0
2021-02-05,881,4734,1067,4634,9973.0,20354.0,912.0,6206,1615.0,318335252.0,1840036.0,1534617.0,0.075,13.3
2021-02-06,861,4754,1047,4658,9634.0,19863.0,865.0,6203,1500.0,319674531.0,1339279.0,1518979.0,0.073,13.7
2021-02-07,860,4752,1034,4665,7935.0,19377.0,834.0,6202,1347.0,320506546.0,832015.0,1501820.0,0.073,13.7
2021-02-08,843,4268,1019,4181,7461.0,19328.0,822.0,5701,1466.0,321557379.0,1050833.0,1503514.0,0.071,14.1
2021-02-09,821,4269,1001,4177,8904.0,18929.0,830.0,5698,1374.0,323259651.0,1702272.0,1512146.0,0.069,14.5
2021-02-10,853,4809,1028,4779,8519.0,18313.0,832.0,6200,1377.0,324909746.0,1650095.0,1479284.0,0.067,14.9
2021-02-11,849,4768,1014,4689,8192.0,17714.0,797.0,6204,1363.0,326335198.0,1425452.0,1405712.0,0.066,15.2
2021-02-12,848,4770,1021,4683,7769.0,17334.0,736.0,6204,1283.0,327755376.0,1420178.0,1345732.0,0.065,15.4
2021-02-13,824,4775,1028,4660,7420.0,16865.0,737.0,6201,1172.0,328861169.0,1105793.0,1312377.0,0.064,15.6
2021-02-14,814,4784,1004,4682,6387.0,16350.0,740.0,6201,1123.0,329527446.0,666277.0,1288700.0,0.062,16.1
2021-02-15,836,4267,1004,4126,5773.0,16227.0,736.0,5694,1113.0,330331852.0,804406.0,1253496.0,0.061,16.4
2021-02-16,823,4351,996,4176,6903.0,15921.0,712.0,5697,1051.0,331589694.0,1257842.0,1190006.0,0.06,16.7
2021-02-17,837,4968,1014,4788,7117.0,15579.0,731.0,6203,1134.0,333068282.0,1478588.0,1165505.0,0.059,16.9
2021-02-18,821,4862,986,4695,6773.0,15024.0,699.0,6206,1074.0,334489495.0,1421213.0,1164900.0,0.057,17.5
2021-02-19,817,4779,969,4716,6580.0,14492.0,701.0,6206,1078.0,335850054.0,1360559.0,1156383.0,0.054,18.5
2021-02-20,777,4923,946,4753,6592.0,14109.0,700.0,6204,936.0,336912142.0,1062088.0,1150139.0,0.053,18.9
2021-02-21,768,4837,936,4759,5694.0,13724.0,673.0,6202,895.0,337598081.0,685939.0,1152948.0,0.053,18.9
2021-02-22,757,4360,928,4187,5632.0,13671.0,657.0,5695,955.0,338644377.0,1046296.0,1187504.0,0.053,18.9
2021-02-23,759,4323,922,4249,6657.0,13354.0,673.0,5693,907.0,340296482.0,1652105.0,1243827.0,0.051,19.6
2021-02-24,779,5023,933,4865,6469.0,12891.0,693.0,6202,918.0,341994565.0,1698083.0,1275183.0,0.05,20.0
2021-02-25,754,4929,922,4759,6127.0,12464.0,670.0,6201,898.0,343614071.0,1619506.0,1303511.0,0.049,20.4
2021-02-26,755,4834,941,4735,5637.0,12165.0,647.0,6202,826.0,345098603.0,1484532.0,1321221.0,0.049,20.4
2021-02-27,734,4947,928,4750,5456.0,11716.0,642.0,6202,752.0,346177659.0,1079056.0,1323645.0,0.048,20.8
2021-02-28,733,4851,917,4755,4868.0,11552.0,603.0,6199,772.0,346814036.0,636377.0,1316565.0,0.047,21.3
2021-03-01,709,4403,893,4217,4534.0,11362.0,572.0,5629,735.0,347815226.0,1001190.0,1310121.0,0.046,21.7
2021-03-02,695,4322,880,4227,5319.0,11040.0,562.0,5630,671.0,349434999.0,1619773.0,1305502.0,0.045,22.2
2021-03-03,710,5029,905,4835,5284.0,10744.0,606.0,6139,704.0,351182118.0,1747119.0,1312508.0,0.044,22.7
2021-03-04,726,4863,915,4764,5284.0,10556.0,603.0,6204,682.0,352743854.0,1561736.0,1304255.0,0.043,23.3
2021-03-05,726,4964,906,4783,5203.0,10323.0,614.0,6204,673.0,354182916.0,1439062.0,1297759.0,0.042,23.8
2021-03-06,702,4976,883,4795,4949.0,10029.0,618.0,6202,564.0,355252800.0,1069884.0,1296449.0,0.042,23.8
2021-03-07,716,4962,886,4790,4242.0,9848.0,588.0,6201,570.0,355865197.0,612397.0,1293023.0,0.042,23.8
2021-03-08,709,4471,865,4313,4229.0,9790.0,522.0,5699,624.0,356848709.0,983512.0,1290498.0,0.042,23.8
2021-03-09,700,4384,860,4314,4989.0,9612.0,519.0,5692,635.0,358396907.0,1548198.0,1280273.0,0.041,24.4
2021-03-10,733,5081,881,4929,5060.0,9455.0,526.0,6205,607.0,360020854.0,1623947.0,1262677.0,0.041,24.4
2021-03-11,699,4982,850,4828,4839.0,9242.0,527.0,6206,567.0,361528294.0,1507440.0,1254920.0,0.041,24.4
2021-03-12,696,4982,858,4819,5113.0,9120.0,526.0,6206,567.0,362933386.0,1405092.0,1250067.0,0.042,23.8
2021-03-13,691,4892,850,4822,4621.0,8907.0,492.0,6205,495.0,363961791.0,1028405.0,1244142.0,0.042,23.8
2021-03-14,690,4888,851,4813,4023.0,8775.0,515.0,6203,475.0,364542682.0,580891.0,1239641.0,0.042,23.8
2021-03-15,684,4480,836,4326,4104.0,8787.0,478.0,5689,461.0,365497130.0,954448.0,1235489.0,0.042,23.8
2021-03-16,683,4467,837,4313,4895.0,8736.0,501.0,5684,505.0,367002248.0,1505118.0,1229334.0,0.043,23.3
2021-03-17,709,5091,877,4919,4830.0,8682.0,508.0,6200,486.0,368625890.0,1623642.0,1229291.0,0.043,23.3
2021-03-18,702,4972,859,4812,4817.0,8521.0,511.0,6204,541.0,370106134.0,1480244.0,1225406.0,0.044,22.7
2021-03-19,707,4969,852,4822,4797.0,8422.0,523.0,6204,560.0,371455389.0,1349255.0,1217429.0,0.044,22.7
2021-03-20,682,4990,833,4837,4787.0,8241.0,499.0,6204,487.0,372447118.0,991729.0,1212190.0,0.044,22.7
2021-03-21,688,4982,827,4841,4024.0,8127.0,511.0,6202,482.0,373062615.0,615497.0,1217133.0,0.044,22.7
2021-03-22,669,4491,801,4358,4130.0,8347.0,494.0,5693,528.0,374042100.0,979485.0,1220710.0,0.044,22.7
2021-03-23,644,4355,781,4306,5175.0,8379.0,489.0,5691,455.0,375578047.0,1535947.0,1225114.0,0.045,22.2
2021-03-24,670,5068,806,4930,5076.0,8488.0,501.0,6201,473.0,377241528.0,1663481.0,1230805.0,0.046,21.7
2021-03-25,655,4890,795,4839,5168.0,8338.0,495.0,6203,502.0,378694274.0,1452746.0,1226877.0,0.047,21.3
2021-03-26,651,4893,786,4847,5067.0,8329.0,508.0,6202,555.0,380073110.0,1378836.0,1231103.0,0.048,20.8
2021-03-27,647,4893,772,4855,4959.0,8201.0,506.0,6200,430.0,381074151.0,1001041.0,1232433.0,0.049,20.4
2021-03-28,647,4895,784,4847,4563.0,8359.0,481.0,6200,387.0,381698770.0,624619.0,1233736.0,0.05,20.0
2021-03-29,639,4401,778,4349,4426.0,8439.0,470.0,5683,447.0,382711068.0,1012298.0,1238424.0,0.051,19.6
2021-03-30,638,4390,766,4348,5346.0,8572.0,503.0,5676,435.0,384247812.0,1536744.0,1238538.0,0.052,19.2
2021-03-31,677,5090,818,4947,5162.0,8502.0,535.0,6200,397.0,385833592.0,1585780.0,1227438.0,0.053,18.9
2021-04-01,651,4909,785,4862,5266.0,8470.0,508.0,6202,495.0,387280880.0,1447288.0,1226658.0,0.053,18.9
2021-04-02,671,4901,804,4856,5244.0,8466.0,535.0,6202,476.0,388628779.0,1347899.0,1222238.0,0.053,18.9
2021-04-03,655,4905,787,4859,5201.0,8541.0,536.0,6201,403.0,389601307.0,972528.0,1218165.0,0.054,18.5
2021-04-04,662,4889,790,4849,4705.0,8606.0,523.0,6198,404.0,390166528.0,565221.0,1209680.0,0.054,18.5
2021-04-05,644,4484,775,4440,4780.0,8849.0,482.0,5770,375.0,391118264.0,951736.0,1201028.0,0.054,18.5
2021-04-06,638,4487,761,4452,5946.0,9012.0,511.0,5767,480.0,392674127.0,1555863.0,1203759.0,0.054,18.5
2021-04-07,677,5002,796,4968,5710.0,9024.0,531.0,6196,448.0,394344525.0,1670398.0,1215848.0,0.055,18.2
2021-04-08,657,4890,797,4839,5636.0,9194.0,537.0,6201,595.0,395863909.0,1519384.0,1226147.0,0.055,18.2
2021-04-09,682,4862,803,4829,5671.0,9145.0,519.0,6201,420.0,397317733.0,1453824.0,1241279.0,0.055,18.2
2021-04-10,668,4877,802,4832,5506.0,9130.0,534.0,6200,474.0,398330367.0,1012634.0,1247009.0,0.055,18.2
2021-04-11,662,4879,801,4829,5123.0,9245.0,529.0,6199,442.0,398976042.0,645675.0,1258502.0,0.055,18.2
2021-04-12,656,4405,777,4371,5019.0,9452.0,526.0,5701,486.0,400033232.0,1057190.0,1273567.0,0.055,18.2
2021-04-13,657,4367,778,4334,5826.0,9536.0,542.0,5685,498.0,401647674.0,1614442.0,1281935.0,0.055,18.2
2021-04-14,685,5001,800,4971,5684.0,9581.0,580.0,6202,534.0,403324959.0,1677285.0,1282919.0,0.054,18.5
2021-04-15,672,4884,802,4843,5666.0,9476.0,546.0,6205,509.0,404810976.0,1486017.0,1278152.0,0.054,18.5
2021-04-16,671,4875,799,4835,5855.0,9530.0,574.0,6205,517.0,406268294.0,1457318.0,1278652.0,0.054,18.5
2021-04-17,651,4889,801,4825,5761.0,9551.0,586.0,6204,390.0,407277303.0,1009009.0,1278134.0,0.053,18.9
2021-04-18,646,4891,789,4835,5135.0,9632.0,572.0,6202,458.0,407890536.0,613233.0,1273499.0,0.052,19.2
2021-04-19,645,4377,770,4338,4995.0,9828.0,572.0,5676,499.0,408911233.0,1020697.0,1268286.0,0.052,19.2
2021-04-20,647,4372,775,4332,5711.0,9918.0,568.0,5672,537.0,410482808.0,1571575.0,1262162.0,0.051,19.6
2021-04-21,687,5002,819,4957,5525.0,9916.0,568.0,6199,527.0,412138819.0,1656011.0,1259123.0,0.05,20.0
2021-04-22,660,4893,800,4840,5339.0,9842.0,561.0,6201,508.0,413637377.0,1498558.0,1260914.0,0.049,20.4
2021-04-23,670,4888,796,4848,5168.0,9705.0,563.0,6202,571.0,415049563.0,1412186.0,1254467.0,0.048,20.8
2021-04-24,654,4887,796,4834,4980.0,9572.0,544.0,6201,459.0,416045235.0,995672.0,1252562.0,0.047,21.3
2021-04-25,641,4899,790,4839,4470.0,9546.0,547.0,6201,420.0,416636004.0,590769.0,1249353.0,0.046,21.7
2021-04-26,656,4366,780,4330,4400.0,9759.0,529.0,5676,521.0,417635615.0,999611.0,1246340.0,0.046,21.7
2021-04-27,640,4377,778,4328,5209.0,9665.0,540.0,5681,449.0,419210931.0,1575316.0,1246875.0,0.045,22.2
2021-04-28,664,5006,811,4943,4935.0,9535.0,593.0,6207,460.0,420792537.0,1581606.0,1236245.0,0.044,22.7
2021-04-29,659,4882,799,4830,4892.0,9371.0,564.0,6210,461.0,422214867.0,1422330.0,1225356.0,0.043,23.3
2021-04-30,656,4894,797,4840,4959.0,9242.0,566.0,6212,437.0,423531287.0,1316420.0,1211675.0,0.043,23.3
2021-05-01,654,4895,792,4843,4453.0,9105.0,527.0,6211,384.0,424436560.0,905273.0,1198761.0,0.043,23.3
2021-05-02,643,4900,793,4837,4002.0,9075.0,518.0,6209,407.0,424959580.0,523020.0,1189082.0,0.042,23.8
2021-05-03,643,4371,771,4330,4190.0,9209.0,509.0,5682,407.0,425857470.0,897890.0,1174551.0,0.042,23.8
2021-05-04,650,4382,776,4341,4706.0,9180.0,515.0,5684,426.0,427281297.0,1423827.0,1152909.0,0.041,24.4
2021-05-05,677,5009,811,4959,4460.0,8951.0,554.0,6209,388.0,428813494.0,1532197.0,1145851.0,0.04,25.0
2021-05-06,667,4838,811,4780,4294.0,8833.0,530.0,6211,392.0,430124989.0,1311495.0,1130017.0,0.039,25.6
2021-05-07,651,4855,792,4801,4295.0,8646.0,503.0,6212,400.0,431304249.0,1179260.0,1110423.0,0.038,26.3
2021-05-08,646,4851,783,4801,4082.0,8468.0,524.0,6208,429.0,432157712.0,853463.0,1103022.0,0.037,27.0
2021-05-09,659,4853,793,4807,3412.0,8359.0,521.0,6203,392.0,432642983.0,485271.0,1097629.0,0.036,27.8
2021-05-10,628,4364,757,4322,3495.0,8341.0,491.0,5668,379.0,433503786.0,860803.0,1092331.0,0.035,28.6
2021-05-11,608,4385,745,4331,3998.0,8298.0,482.0,5660,408.0,434840876.0,1337090.0,1079940.0,0.035,28.6
2021-05-12,678,4976,805,4933,3861.0,8114.0,525.0,6192,362.0,436186659.0,1345783.0,1053309.0,0.034,29.4
2021-05-13,660,4865,793,4820,3674.0,7917.0,477.0,6197,399.0,437383019.0,1196360.0,1036861.0,0.033,30.3
2021-05-14,656,4872,782,4835,3676.0,7628.0,457.0,6198,346.0,438470356.0,1087337.0,1023730.0,0.032,31.2
2021-05-15,660,4868,785,4831,3434.0,7409.0,453.0,6196,382.0,439259062.0,788706.0,1014479.0,0.031,32.3
2021-05-16,652,4874,788,4824,2945.0,7270.0,457.0,6197,339.0,439713638.0,454576.0,1010094.0,0.031,32.3
2021-05-17,643,4363,769,4325,2951.0,7299.0,418.0,5669,341.0,440512557.0,798919.0,1001253.0,0.03,33.3
2021-05-18,645,4357,763,4326,3481.0,7163.0,457.0,5667,386.0,441727952.0,1215395.0,983868.0,0.03,33.3
2021-05-19,671,4983,809,4931,3462.0,7056.0,493.0,6197,361.0,442909268.0,1181316.0,960373.0,0.029,34.5
2021-05-20,646,4880,796,4815,3169.0,6841.0,451.0,6201,346.0,443918689.0,1009421.0,933667.0,0.029,34.5
2021-05-21,651,4887,799,4826,3211.0,6664.0,455.0,6202,353.0,444905422.0,986733.0,919295.0,0.028,35.7
2021-05-22,642,4883,793,4819,3138.0,6472.0,431.0,6202,308.0,445615592.0,710170.0,908076.0,0.027,37.0
2021-05-23,634,4883,786,4818,2766.0,6412.0,430.0,6200,305.0,446024742.0,409150.0,901586.0,0.027,37.0
2021-05-24,615,4410,767,4345,2750.0,6419.0,389.0,5674,278.0,446737903.0,713161.0,889335.0,0.027,37.0
2021-05-25,616,4398,773,4325,3130.0,6311.0,424.0,5667,290.0,447812655.0,1074752.0,869243.0,0.026,38.5
2021-05-26,635,5015,799,4933,2965.0,6138.0,432.0,6191,310.0,448864420.0,1051765.0,850736.0,0.025,40.0
2021-05-27,642,4898,806,4820,2950.0,6000.0,432.0,6193,325.0,449792963.0,928543.0,839182.0,0.025,40.0
2021-05-28,647,4886,800,4822,2758.0,5778.0,443.0,6192,274.0,450632498.0,839535.0,818154.0,0.024,41.7
2021-05-29,628,4901,781,4836,2522.0,5606.0,398.0,6193,263.0,451212520.0,580022.0,799561.0,0.024,41.7
2021-05-30,634,4893,788,4827,2229.0,5525.0,395.0,6193,288.0,451572853.0,360333.0,792587.0,0.023,43.5
2021-05-31,598,4412,750,4346,2144.0,5542.0,374.0,5668,259.0,451889304.0,316451.0,735914.0,0.023,43.5
2021-06-01,602,4407,758,4339,2220.0,5489.0,367.0,5664,256.0,452599084.0,709780.0,683776.0,0.023,43.5
2021-06-02,651,5010,795,4954,2573.0,5322.0,363.0,6201,345.0,453709602.0,1110518.0,692169.0,0.022,45.5
2021-06-03,621,4930,780,4859,2403.0,5175.0,359.0,6202,251.0,454699160.0,989558.0,700885.0,0.021,47.6
2021-06-04,614,4932,775,4859,2362.0,4995.0,328.0,6205,230.0,455569323.0,870163.0,705261.0,0.02,50.0
2021-06-05,607,4921,766,4850,2186.0,4768.0,333.0,6202,235.0,456186392.0,617069.0,710553.0,0.02,50.0
2021-06-06,608,4914,767,4843,1896.0,4677.0,331.0,6202,211.0,456555294.0,368902.0,711777.0,0.019,52.6
2021-06-07,594,4418,746,4352,1871.0,4685.0,298.0,5671,212.0,457200153.0,644859.0,758693.0,0.019,52.6
2021-06-08,606,4410,752,4351,2264.0,4608.0,315.0,5669,225.0,458086307.0,886154.0,783889.0,0.018,55.6
2021-06-09,626,5033,781,4960,2161.0,4478.0,320.0,6200,226.0,458954154.0,867847.0,749222.0,0.018,55.6
2021-06-10,612,4936,779,4856,2151.0,4383.0,333.0,6206,250.0,459739199.0,785045.0,720006.0,0.018,55.6
2021-06-11,599,4943,762,4869,2180.0,4300.0,305.0,6207,237.0,460503784.0,764585.0,704923.0,0.018,55.6
2021-06-12,598,4937,760,4864,1964.0,4186.0,290.0,6208,187.0,461061377.0,557593.0,696426.0,0.018,55.6
2021-06-13,602,4925,759,4856,1790.0,4049.0,343.0,6205,236.0,461407012.0,345635.0,693103.0,0.018,55.6
2021-06-14,589,4419,740,4355,1755.0,4068.0,304.0,5663,183.0,462005017.0,598005.0,686409.0,0.017,58.8
2021-06-15,591,4284,704,4261,1955.0,3939.0,311.0,5660,180.0,462837195.0,832178.0,678698.0,0.017,58.8
2021-06-16,614,4900,726,4873,1987.0,3879.0,333.0,6173,196.0,463630486.0,793291.0,668047.0,0.017,58.8
2021-06-17,606,4791,722,4759,1901.0,3806.0,284.0,6176,188.0,464355874.0,725388.0,659525.0,0.017,58.8
2021-06-18,622,4727,731,4705,1927.0,3739.0,296.0,6172,194.0,465049873.0,693999.0,649441.0,0.018,55.6
2021-06-19,600,4738,713,4711,1779.0,3673.0,302.0,6174,181.0,465546860.0,496987.0,640783.0,0.018,55.6
2021-06-20,608,4733,710,4720,1582.0,3663.0,359.0,6174,156.0,465880302.0,333442.0,639041.0,0.018,55.6
2021-06-21,597,4207,702,4187,1617.0,3708.0,282.0,5621,183.0,466451348.0,571046.0,635190.0,0.018,55.6
2021-06-22,589,4231,701,4205,1975.0,3744.0,309.0,5640,205.0,467234054.0,782706.0,628123.0,0.019,52.6
2021-06-23,634,4872,747,4844,1901.0,3700.0,317.0,6189,180.0,467998695.0,764641.0,624030.0,0.019,52.6
2021-06-24,621,4785,740,4752,1905.0,3636.0,294.0,6199,176.0,468693550.0,694855.0,619668.0,0.019,52.6
2021-06-25,637,4769,743,4749,1844.0,3617.0,314.0,6201,197.0,469367126.0,673576.0,616750.0,0.02,50.0
2021-06-26,607,4777,721,4749,1893.0,3562.0,315.0,6201,189.0,469859893.0,492767.0,616148.0,0.02,50.0
2021-06-27,600,4781,723,4743,1746.0,3525.0,301.0,6201,160.0,470198920.0,339027.0,616945.0,0.021,47.6
2021-06-28,580,4190,691,4167,1775.0,3617.0,274.0,5558,440.0,470751725.0,552805.0,614340.0,0.021,47.6
2021-06-29,580,4181,700,4149,2053.0,3676.0,276.0,5545,162.0,471449516.0,697791.0,602209.0,0.022,45.5
2021-06-30,625,4891,732,4871,2101.0,3673.0,268.0,6193,174.0,472127797.0,678281.0,589872.0,0.024,41.7
2021-07-01,614,4790,726,4763,2039.0,3614.0,259.0,6201,186.0,472770434.0,642637.0,582412.0,0.025,40.0
2021-07-02,616,4776,736,4741,2294.0,4027.0,300.0,6204,201.0,473370500.0,600066.0,571911.0,0.026,38.5
2021-07-03,608,4774,725,4742,2068.0,3753.0,259.0,6203,184.0,473817385.0,446885.0,565356.0,0.027,37.0
2021-07-04,591,4785,708,4753,1875.0,3777.0,257.0,6200,187.0,474077775.0,260390.0,554122.0,0.028,35.7
2021-07-05,567,4186,672,4169,1952.0,3883.0,248.0,5554,188.0,474384919.0,307144.0,519028.0,0.029,34.5
2021-07-06,568,4196,683,4167,2266.0,3980.0,273.0,5546,187.0,474976758.0,591839.0,503892.0,0.031,32.3
2021-07-07,622,4912,735,4884,2590.0,4132.0,310.0,6201,183.0,475755164.0,778406.0,518195.0,0.033,30.3
2021-07-08,614,4789,717,4772,2638.0,4297.0,310.0,6202,188.0,476480662.0,725498.0,530033.0,0.035,28.6
2021-07-09,627,4760,725,4748,2717.0,4369.0,305.0,6202,178.0,477146370.0,665708.0,539410.0,0.037,27.0
2021-07-10,615,4774,723,4753,2737.0,4442.0,294.0,6203,201.0,477634536.0,488166.0,545307.0,0.039,25.6
2021-07-11,606,4776,710,4760,2546.0,4637.0,291.0,6204,173.0,477976699.0,342163.0,556989.0,0.041,24.4
2021-07-12,591,4163,699,4141,2743.0,4883.0,283.0,5542,211.0,478565158.0,588459.0,597177.0,0.043,23.3
2021-07-13,606,4150,715,4126,3264.0,5072.0,307.0,5540,220.0,479304592.0,739434.0,618262.0,0.045,22.2
2021-07-14,628,4901,743,4872,3203.0,5255.0,312.0,6202,224.0,480064458.0,759866.0,615613.0,0.048,20.8
2021-07-15,626,4775,739,4749,3428.0,5474.0,333.0,6198,220.0,480833112.0,768654.0,621779.0,0.051,19.6
2021-07-16,639,4758,745,4739,3642.0,5785.0,346.0,6198,225.0,481558526.0,725414.0,630308.0,0.054,18.5
2021-07-17,613,4757,705,4752,3695.0,5994.0,368.0,6194,246.0,482085051.0,526525.0,635788.0,0.056,17.9
2021-07-18,604,4774,712,4753,3511.0,6272.0,371.0,6194,256.0,482482064.0,397013.0,643624.0,0.058,17.2
2021-07-19,616,4132,709,4127,3876.0,6717.0,391.0,5531,236.0,483141497.0,659433.0,653763.0,0.061,16.4
2021-07-20,614,4127,720,4108,4624.0,7115.0,424.0,5530,230.0,484042874.0,901377.0,676897.0,0.064,15.6
2021-07-21,659,4842,771,4820,4637.0,7408.0,465.0,6198,272.0,484971370.0,928496.0,700987.0,0.068,14.7
2021-07-22,652,4739,768,4710,5151.0,7687.0,488.0,6201,287.0,485888082.0,916712.0,722139.0,0.071,14.1
2021-07-23,661,4688,779,4657,5241.0,8097.0,521.0,6203,279.0,486769767.0,881685.0,744463.0,0.074,13.5
2021-07-24,640,4753,752,4730,5452.0,8419.0,547.0,6203,350.0,487423941.0,654174.0,762699.0,0.077,13.0
2021-07-25,664,4722,773,4703,5230.0,8867.0,545.0,6201,329.0,487916020.0,492079.0,776279.0,0.079,12.7
2021-07-26,675,4174,783,4155,5699.0,9448.0,551.0,5659,330.0,488701282.0,785262.0,794255.0,0.083,12.0
2021-07-27,570,3872,669,3862,6673.0,9994.0,598.0,5655,384.0,489737037.0,1035755.0,813452.0,0.086,11.6
2021-07-28,620,4476,714,4467,6889.0,10376.0,664.0,6199,406.0,490844783.0,1107746.0,839059.0,0.09,11.1
2021-07-29,625,4312,714,4312,7040.0,10919.0,704.0,6203,382.0,491955588.0,1110805.0,866787.0,0.093,10.8
2021-07-30,642,4265,711,4285,7796.0,11463.0,742.0,6203,439.0,493004766.0,1049178.0,890714.0,0.096,10.4
2021-07-31,609,4303,683,4317,7821.0,12109.0,790.0,6203,447.0,493770899.0,766133.0,906708.0,0.098,10.2
2021-08-01,606,4311,686,4367,7212.0,12698.0,774.0,6202,482.0,494339348.0,568449.0,917618.0,0.1,10.0
2021-08-02,612,3871,690,3882,7694.0,13481.0,800.0,5655,522.0,495306801.0,967453.0,943646.0,0.101,9.9
2021-08-03,633,3843,721,3843,9193.0,14052.0,812.0,5651,553.0,496573353.0,1266552.0,976617.0,0.102,9.8
2021-08-04,670,4436,760,4434,9268.0,14632.0,894.0,6204,579.0,497896042.0,1322689.0,1007323.0,0.103,9.7
2021-08-05,656,4340,755,4329,9576.0,15193.0,983.0,6212,614.0,499278376.0,1382334.0,1046113.0,0.103,9.7
2021-08-06,678,4308,760,4314,9955.0,15732.0,1015.0,6213,641.0,500616345.0,1337969.0,1087368.0,0.103,9.7
2021-08-07,655,4330,736,4337,9972.0,16164.0,1018.0,6212,747.0,501622621.0,1006276.0,1121675.0,0.103,9.7
2021-08-08,686,4371,742,4318,9579.0,16784.0,1043.0,6212,707.0,502338707.0,716086.0,1142766.0,0.103,9.7
2021-08-09,693,3829,770,3840,9854.0,17707.0,1081.0,5667,795.0,503472730.0,1134023.0,1166561.0,0.104,9.6
2021-08-10,713,3892,784,3820,11258.0,18264.0,1123.0,5658,835.0,504912801.0,1440071.0,1191350.0,0.105,9.5
2021-08-11,764,4409,842,4325,11389.0,19013.0,1210.0,6209,890.0,506445720.0,1532919.0,1221383.0,0.105,9.5
2021-08-12,734,4259,832,4248,11654.0,19537.0,1280.0,6206,945.0,507979147.0,1533427.0,1242967.0,0.106,9.4
2021-08-13,742,4251,845,4236,11704.0,20076.0,1260.0,6209,939.0,509510115.0,1530968.0,1270539.0,0.105,9.5
2021-08-14,707,4279,803,4269,11488.0,20401.0,1213.0,6207,1035.0,510639377.0,1129262.0,1288108.0,0.105,9.5
2021-08-15,718,4272,814,4261,10447.0,21077.0,1212.0,6209,997.0,511434865.0,795488.0,1299451.0,0.105,9.5
2021-08-16,740,3773,817,3782,10885.0,21673.0,1233.0,5654,1027.0,512716638.0,1281773.0,1320558.0,0.105,9.5
2021-08-17,747,3755,826,3761,12494.0,22303.0,1279.0,5661,1130.0,514325381.0,1608743.0,1344654.0,0.104,9.6
2021-08-18,815,4341,895,4256,12524.0,22693.0,1395.0,6207,1179.0,516031902.0,1706521.0,1369455.0,0.104,9.6
2021-08-19,807,4261,878,4185,12480.0,23034.0,1405.0,6209,1228.0,517685413.0,1653511.0,1386609.0,0.103,9.7
2021-08-20,827,4245,903,4164,12350.0,23399.0,1397.0,6211,1250.0,519231584.0,1546171.0,1388781.0,0.103,9.7
2021-08-21,781,4202,881,4186,12139.0,23653.0,1350.0,6211,1240.0,520409028.0,1177444.0,1395664.0,0.104,9.6
2021-08-22,793,4254,865,4181,11389.0,24082.0,1406.0,6208,1274.0,521249343.0,840315.0,1402068.0,0.104,9.6
2021-08-23,835,3717,899,3648,11345.0,24559.0,1416.0,5663,1279.0,522572368.0,1323025.0,1407961.0,0.104,9.6
2021-08-24,843,3703,913,3630,12752.0,25053.0,1450.0,5659,1346.0,524385329.0,1812961.0,1437135.0,0.103,9.7
2021-08-25,897,4265,972,4186,12394.0,25062.0,1506.0,6209,1415.0,526342166.0,1956837.0,1472895.0,0.103,9.7
2021-08-26,905,4166,993,4075,12699.0,25249.0,1508.0,6211,1367.0,528306620.0,1964454.0,1517315.0,0.102,9.8
2021-08-27,916,4141,985,4069,12452.0,25365.0,1498.0,6212,1423.0,530202089.0,1895469.0,1567215.0,0.101,9.9
2021-08-28,902,4175,961,4113,11954.0,25435.0,1512.0,6213,1436.0,531640705.0,1438616.0,1604525.0,0.099,10.1
2021-08-29,904,4166,956,4110,10926.0,25781.0,1533.0,6210,1369.0,532625774.0,985069.0,1625204.0,0.098,10.2
2021-08-30,915,3674,977,3608,11080.0,25919.0,1491.0,5653,1431.0,534085311.0,1459537.0,1644706.0,0.097,10.3
2021-08-31,903,3684,990,3595,12600.0,25904.0,1534.0,5653,1496.0,536060187.0,1974876.0,1667837.0,0.097,10.3
2021-09-01,948,4227,1023,4148,12682.0,25963.0,1648.0,6206,1547.0,538101058.0,2040871.0,1679842.0,0.095,10.5
2021-09-02,943,4155,1023,4072,12452.0,26045.0,1638.0,6210,1581.0,540073721.0,1972663.0,1681014.0,0.094,10.6
2021-09-03,956,4131,1029,4052,11719.0,25961.0,1623.0,6212,1494.0,541944254.0,1870533.0,1677452.0,0.094,10.6
2021-09-04,927,4136,989,4069,11786.0,25609.0,1648.0,6210,1491.0,543307418.0,1363164.0,1666673.0,0.094,10.6
2021-09-05,905,4152,971,4083,10793.0,25630.0,1632.0,6207,1533.0,544301592.0,994174.0,1667974.0,0.094,10.6
2021-09-06,886,3675,964,3592,10724.0,25801.0,1594.0,5649,1491.0,545126928.0,825336.0,1577374.0,0.093,10.8
2021-09-07,933,3651,1013,3565,11131.0,26099.0,1562.0,5649,1549.0,546534008.0,1407080.0,1496260.0,0.094,10.6
2021-09-08,1008,4155,1086,4069,12078.0,25998.0,1654.0,6206,1514.0,548581369.0,2047361.0,1497187.0,0.093,10.8
2021-09-09,981,4107,1067,4014,11948.0,25925.0,1626.0,6208,1508.0,550653127.0,2071758.0,1511344.0,0.092,10.9
2021-09-10,1013,4075,1079,4005,11449.0,25747.0,1634.0,6209,1689.0,552723357.0,2070230.0,1539872.0,0.09,11.1
2021-09-11,964,4104,1035,4031,10949.0,25326.0,1549.0,6209,1701.0,554259700.0,1536343.0,1564612.0,0.089,11.2
2021-09-12,957,4097,1025,4026,9845.0,25292.0,1518.0,6209,1559.0,555247724.0,988024.0,1563733.0,0.088,11.4
2021-09-13,966,3619,1009,3568,9911.0,25514.0,1450.0,5661,1579.0,556742128.0,1494404.0,1659314.0,0.087,11.5
2021-09-14,963,3614,1024,3549,10858.0,25218.0,1479.0,5657,1634.0,558634251.0,1892123.0,1728606.0,0.084,11.9
2021-09-15,1023,4118,1097,4039,10558.0,24877.0,1499.0,6218,1585.0,560765907.0,2131656.0,1740648.0,0.083,12.0
2021-09-16,1010,4066,1058,4012,10558.0,24734.0,1492.0,6220,1602.0,562784251.0,2018344.0,1733018.0,0.081,12.3
2021-09-17,993,4077,1064,4001,10026.0,24435.0,1465.0,6220,1493.0,564707736.0,1923485.0,1712054.0,0.08,12.5
2021-09-18,960,4093,1033,4015,9601.0,23978.0,1436.0,6219,1505.0,566105691.0,1397955.0,1692284.0,0.079,12.7
2021-09-19,940,4115,1019,4030,8514.0,23779.0,1428.0,6218,1393.0,567068623.0,962932.0,1688700.0,0.078,12.8
2021-09-20,969,3572,1029,3508,8394.0,23686.0,1417.0,5663,1545.0,568460114.0,1391491.0,1673998.0,0.077,13.0
2021-09-21,970,3581,1057,3490,9553.0,23536.0,1374.0,5660,1503.0,570392071.0,1931957.0,1679689.0,0.075,13.3
2021-09-22,1026,4131,1118,4033,9363.0,23127.0,1363.0,6217,1487.0,572461801.0,2069730.0,1670842.0,0.073,13.7
2021-09-23,971,4095,1075,3985,8969.0,22585.0,1367.0,6216,1456.0,574463983.0,2002182.0,1668533.0,0.071,14.1
2021-09-24,985,4080,1079,3980,8677.0,22185.0,1356.0,6216,1388.0,576385572.0,1921589.0,1668262.0,0.07,14.3
2021-09-25,957,4107,1057,3999,8193.0,21727.0,1326.0,6216,1406.0,577743103.0,1357531.0,1662487.0,0.069,14.5
2021-09-26,957,4110,1045,4017,7260.0,21543.0,1305.0,6215,1239.0,578623848.0,880745.0,1650746.0,0.068,14.7
2021-09-27,978,3622,1062,3533,7115.0,21256.0,1262.0,5664,1411.0,579857725.0,1233877.0,1628230.0,0.067,14.9
2021-09-28,959,3645,1053,3544,8326.0,20882.0,1224.0,5666,1333.0,581739548.0,1881823.0,1621068.0,0.067,14.9
2021-09-29,1005,4168,1106,4056,7956.0,20400.0,1238.0,6215,1341.0,583759889.0,2020341.0,1614013.0,0.066,15.2
2021-09-30,982,4107,1081,4000,7715.0,19802.0,1202.0,6217,1346.0,585700657.0,1940768.0,1605239.0,0.065,15.4
2021-10-01,997,4081,1084,3987,7587.0,19272.0,1185.0,6214,1186.0,587533446.0,1832789.0,1592553.0,0.064,15.6
2021-10-02,947,4126,1033,4035,7101.0,18942.0,1141.0,6215,1175.0,588857395.0,1323949.0,1587756.0,0.064,15.6
2021-10-03,944,4122,1028,4031,6308.0,18770.0,1142.0,6210,1164.0,589663327.0,805932.0,1577068.0,0.063,15.9
2021-10-04,968,3638,1048,3548,6300.0,18674.0,1130.0,5665,1250.0,590941951.0,1278624.0,1583461.0,0.062,16.1
2021-10-05,944,3638,1033,3543,7375.0,18261.0,1138.0,5662,1095.0,592793690.0,1851739.0,1579163.0,0.061,16.4
2021-10-06,989,4160,1088,4055,7410.0,17911.0,1109.0,6210,1101.0,594779001.0,1985311.0,1574159.0,0.06,16.7
2021-10-07,967,4105,1058,4009,7185.0,17482.0,1045.0,6211,1215.0,596689435.0,1910434.0,1569825.0,0.059,16.9
2021-10-08,973,4087,1062,3991,6912.0,17010.0,984.0,6211,1169.0,598482563.0,1793128.0,1564160.0,0.059,16.9
2021-10-09,956,4108,1037,4024,6681.0,17374.0,923.0,6212,1065.0,599723471.0,1240908.0,1552297.0,0.058,17.2
2021-10-10,948,4110,1038,4016,5910.0,17888.0,916.0,6209,947.0,600452331.0,728860.0,1541286.0,0.058,17.2
2021-10-11,967,3614,1044,3534,5793.0,17902.0,911.0,5653,969.0,601612264.0,1159933.0,1524330.0,0.058,17.2
2021-10-12,962,3621,1053,3526,6731.0,17755.0,927.0,5653,971.0,603277273.0,1665009.0,1497655.0,0.058,17.2
2021-10-13,1001,4111,1101,4009,6581.0,17534.0,960.0,6212,954.0,605144973.0,1867700.0,1480853.0,0.057,17.5
2021-10-14,1018,4055,1109,3964,6369.0,17069.0,925.0,6215,914.0,607030749.0,1885776.0,1477331.0,0.056,17.9
2021-10-15,976,4095,1066,4005,6380.0,16724.0,871.0,6216,983.0,608753642.0,1722893.0,1467297.0,0.055,18.2
2021-10-16,957,4111,1042,4025,6045.0,16201.0,855.0,6216,1100.0,609955554.0,1201912.0,1461726.0,0.054,18.5
2021-10-17,949,4118,1039,4028,5260.0,16038.0,792.0,6214,952.0,610657424.0,701870.0,1457870.0,0.053,18.9
2021-10-18,934,3638,1029,3541,5210.0,16213.0,764.0,5640,850.0,611893348.0,1235924.0,1468726.0,0.052,19.2
2021-10-19,952,3617,1046,3520,5966.0,15980.0,774.0,5634,918.0,613618584.0,1725236.0,1477330.0,0.051,19.6
2021-10-20,1015,4176,1109,4079,5775.0,15678.0,796.0,6209,935.0,615509727.0,1891143.0,1480679.0,0.05,20.0
2021-10-21,983,4105,1069,4016,5792.0,15312.0,814.0,6214,899.0,617357108.0,1847381.0,1475194.0,0.05,20.0
2021-10-22,1014,4072,1102,3982,5591.0,15078.0,811.0,6215,824.0,618981265.0,1624157.0,1461089.0,0.05,20.0
2021-10-23,977,4113,1070,4019,5397.0,14681.0,796.0,6215,850.0,620089945.0,1108680.0,1447770.0,0.05,20.0
2021-10-24,979,4115,1064,4027,4703.0,14445.0,777.0,6214,743.0,620726801.0,636856.0,1438482.0,0.05,20.0
2021-10-25,973,3628,1052,3546,4816.0,14612.0,770.0,5647,805.0,621887519.0,1160718.0,1427739.0,0.05,20.0
2021-10-26,961,3630,1057,3531,5383.0,14543.0,747.0,5638,753.0,623575979.0,1688460.0,1422485.0,0.05,20.0
2021-10-27,992,4161,1094,4057,5374.0,14398.0,786.0,6207,816.0,625385614.0,1809635.0,1410841.0,0.05,20.0
2021-10-28,981,4117,1076,4020,5238.0,14100.0,780.0,6214,760.0,627085015.0,1699401.0,1389701.0,0.05,20.0
2021-10-29,997,4103,1074,4023,5257.0,12455.0,787.0,6214,795.0,628647631.0,1562616.0,1380909.0,0.05,20.0
2021-10-30,985,4085,1068,4000,5135.0,12152.0,760.0,6214,743.0,629707879.0,1060248.0,1373991.0,0.05,20.0
2021-10-31,978,4094,1066,4003,4436.0,12092.0,721.0,6213,730.0,630324949.0,617070.0,1371164.0,0.05,20.0
2021-11-01,946,3635,1031,3545,4303.0,12108.0,685.0,5639,646.0,631386671.0,1061722.0,1357022.0,0.05,20.0
2021-11-02,947,3627,1032,3538,5257.0,11947.0,685.0,5640,730.0,633035855.0,1649184.0,1351411.0,0.051,19.6
2021-11-03,971,4180,1063,4084,5206.0,11766.0,712.0,6209,683.0,634939123.0,1903268.0,1364787.0,0.051,19.6
2021-11-04,951,4134,1052,4030,5145.0,11555.0,685.0,6211,677.0,636701895.0,1762772.0,1373840.0,0.052,19.2
2021-11-05,966,4111,1050,4022,5150.0,11341.0,667.0,6211,648.0,638301460.0,1599565.0,1379118.0,0.052,19.2
2021-11-06,924,4136,1025,4033,5040.0,11231.0,655.0,6212,631.0,639424618.0,1123158.0,1388106.0,0.053,18.9
2021-11-07,910,4142,1005,4044,4618.0,11210.0,622.0,6211,679.0,640262608.0,837990.0,1419666.0,0.053,18.9
2021-11-08,916,3652,1005,3559,4774.0,11332.0,622.0,5639,742.0,641517444.0,1254836.0,1447253.0,0.053,18.9
2021-11-09,930,3643,1028,3539,5597.0,11356.0,649.0,5635,672.0,643391637.0,1874193.0,1479397.0,0.053,18.9
2021-11-10,970,4217,1086,4092,5429.0,11289.0,670.0,6208,705.0,645226707.0,1835070.0,1469655.0,0.055,18.2
2021-11-11,937,4144,1054,4017,5421.0,11280.0,654.0,6209,705.0,646964180.0,1737473.0,1466041.0,0.056,17.9
2021-11-12,957,4116,1057,4008,5457.0,11271.0,673.0,6209,759.0,648459331.0,1495151.0,1451124.0,0.057,17.5
2021-11-13,933,4133,1045,4016,5464.0,11296.0,659.0,6212,635.0,649578778.0,1119447.0,1450594.0,0.058,17.2
2021-11-14,902,4168,1012,4052,4932.0,11264.0,613.0,6213,628.0,650356478.0,777700.0,1441981.0,0.058,17.2
2021-11-15,918,3656,1009,3558,5107.0,11534.0,590.0,5642,600.0,651619561.0,1263083.0,1443160.0,0.059,16.9
2021-11-16,952,3638,1042,3539,6238.0,11600.0,647.0,5646,687.0,653480451.0,1860890.0,1441259.0,0.06,16.7
2021-11-17,982,4200,1081,4092,6080.0,11664.0,677.0,6212,818.0,655449439.0,1968988.0,1460390.0,0.06,16.7
2021-11-18,980,4099,1082,3989,6234.0,11792.0,674.0,6216,759.0,657347669.0,1898230.0,1483356.0,0.061,16.4
2021-11-19,987,4092,1092,3977,5873.0,11823.0,668.0,6217,750.0,659019699.0,1672030.0,1508624.0,0.061,16.4
2021-11-20,941,4119,1055,3995,5854.0,11785.0,646.0,6218,686.0,660164042.0,1144343.0,1512181.0,0.061,16.4
2021-11-21,932,4122,1051,3991,5336.0,11973.0,636.0,6218,683.0,660927267.0,763225.0,1510113.0,0.062,16.1
2021-11-22,957,3631,1061,3518,5820.0,12296.0,654.0,5645,733.0,662081804.0,1154537.0,1494606.0,0.063,15.9
2021-11-23,958,3629,1067,3511,6845.0,12329.0,680.0,5647,827.0,663708162.0,1626358.0,1461102.0,0.064,15.6
2021-11-24,998,4172,1118,4040,6536.0,12448.0,703.0,6125,809.0,665368750.0,1660588.0,1417044.0,0.066,15.2
2021-11-25,951,4085,1059,3968,6350.0,12471.0,637.0,6126,717.0,666124965.0,756215.0,1253899.0,0.069,14.5
2021-11-26,960,4076,1056,3972,5603.0,12654.0,594.0,6128,690.0,666889564.0,764599.0,1124266.0,0.072,13.9
2021-11-27,944,4085,1055,3966,6665.0,12849.0,623.0,6128,780.0,667795793.0,906229.0,1090250.0,0.074,13.5
2021-11-28,956,4064,1058,3956,5967.0,13105.0,637.0,6119,902.0,668615319.0,819526.0,1098293.0,0.075,13.3
2021-11-29,968,3605,1060,3497,6355.0,13379.0,667.0,5647,820.0,669984103.0,1368784.0,1128900.0,0.076,13.2
2021-11-30,963,3608,1047,3506,7399.0,13545.0,684.0,5644,861.0,671877951.0,1893848.0,1167113.0,0.077,13.0
2021-12-01,1013,4172,1108,4065,7284.0,13671.0,726.0,6213,1004.0,673848613.0,1970662.0,1211409.0,0.078,12.8
2021-12-02,1002,4081,1098,3971,7130.0,13772.0,765.0,6216,901.0,675895951.0,2047338.0,1395855.0,0.076,13.2
2021-12-03,981,4097,1087,3977,7613.0,13888.0,804.0,6216,911.0,677833193.0,1937242.0,1563376.0,0.074,13.5
2021-12-04,954,4110,1056,3991,7431.0,13942.0,775.0,6216,770.0,679203444.0,1370251.0,1629664.0,0.073,13.7
2021-12-05,966,4099,1063,3986,6706.0,14149.0,796.0,6215,864.0,680022002.0,818558.0,1629526.0,0.073,13.7
2021-12-06,964,3620,1064,3506,6887.0,14455.0,760.0,5644,894.0,681317036.0,1295034.0,1618990.0,0.073,13.7
2021-12-07,980,3587,1072,3481,8311.0,14771.0,817.0,5632,917.0,683265512.0,1948476.0,1626794.0,0.072,13.9
2021-12-08,1011,4168,1109,4052,8155.0,14901.0,828.0,6209,949.0,685318658.0,2053146.0,1638578.0,0.071,14.1
2021-12-09,1010,4059,1103,3954,8188.0,14992.0,866.0,6211,1000.0,687235183.0,1916525.0,1619890.0,0.071,14.1
2021-12-10,1012,4066,1097,3971,8176.0,15236.0,876.0,6214,1048.0,689087758.0,1852575.0,1607795.0,0.071,14.1
2021-12-11,981,4079,1084,3963,7822.0,15326.0,848.0,6213,942.0,690392308.0,1304550.0,1598409.0,0.071,14.1
2021-12-12,976,4077,1076,3964,7113.0,15595.0,813.0,6212,879.0,691202643.0,810335.0,1597234.0,0.071,14.1
2021-12-13,977,3586,1074,3477,6732.0,15914.0,791.0,5639,1080.0,692563758.0,1361115.0,1606675.0,0.071,14.1
2021-12-14,987,3574,1081,3468,8076.0,15993.0,763.0,5630,1016.0,694536128.0,1972370.0,1610088.0,0.073,13.7
2021-12-15,1058,4121,1160,4005,7976.0,15896.0,873.0,6204,1076.0,696659360.0,2123232.0,1620100.0,0.076,13.2
2021-12-16,1040,4039,1137,3934,8009.0,15909.0,907.0,6207,1097.0,698753993.0,2094633.0,1645544.0,0.08,12.5
2021-12-17,1045,4041,1139,3936,8119.0,15941.0,932.0,6211,1163.0,700749979.0,1995986.0,1666032.0,0.085,11.8
2021-12-18,1030,4048,1122,3944,7777.0,15906.0,956.0,6212,1068.0,702233211.0,1483232.0,1691558.0,0.089,11.2
2021-12-19,1015,4064,1119,3948,7199.0,15983.0,962.0,6213,1008.0,703274121.0,1040910.0,1724497.0,0.092,10.9
2021-12-20,1016,3576,1122,3462,7283.0,16210.0,938.0,5641,1026.0,704852303.0,1578182.0,1755506.0,0.099,10.1
2021-12-21,1006,3569,1133,3429,8677.0,16148.0,989.0,5638,1120.0,707071273.0,2218970.0,1790735.0,0.11,9.1
2021-12-22,1050,4107,1186,3961,9009.0,16251.0,1113.0,6188,1297.0,709491742.0,2420469.0,1833197.0,0.122,8.2
2021-12-23,1048,4018,1168,3887,9366.0,16187.0,1183.0,6192,1227.0,711898022.0,2406280.0,1877718.0,0.135,7.4
2021-12-24,1016,4047,1121,3928,9314.0,16240.0,1197.0,6197,1071.0,713685215.0,1787193.0,1847891.0,0.147,6.8
2021-12-25,986,4047,1101,3927,8929.0,16356.0,1179.0,6198,1109.0,714632552.0,947337.0,1771334.0,0.156,6.4
2021-12-26,998,4055,1119,3921,9293.0,16590.0,1240.0,6196,943.0,715600584.0,968032.0,1760923.0,0.164,6.1
2021-12-27,1023,3551,1121,3444,10565.0,17075.0,1444.0,5634,1146.0,717318772.0,1718188.0,1780924.0,0.18,5.6
2021-12-28,1042,3523,1133,3423,13451.0,17274.0,1698.0,5631,1191.0,719633511.0,2314739.0,1794605.0,0.202,5.0
2021-12-29,1085,4073,1203,3944,14758.0,17830.0,2082.0,6205,1306.0,721977670.0,2344159.0,1783704.0,0.224,4.5
2021-12-30,1089,3985,1201,3866,15331.0,18158.0,2270.0,6205,1236.0,724341450.0,2363780.0,1777633.0,0.246,4.1
2021-12-31,1063,4006,1181,3880,16019.0,18382.0,2387.0,6205,1282.0,726359152.0,2017702.0,1810562.0,0.26,3.8
2022-01-01,1056,3990,1171,3870,15110.0,18863.0,2456.0,6205,1196.0,727619218.0,1260066.0,1855238.0,0.267,3.7
2022-01-02,1069,3980,1191,3848,15298.0,19606.0,2644.0,6205,1123.0,728965883.0,1346665.0,1909328.0,0.273,3.7
2022-01-03,1093,3468,1216,3338,16046.0,20341.0,2696.0,5626,1326.0,731226278.0,2260395.0,1986787.0,0.28,3.6
2022-01-04,1103,3469,1217,3344,18770.0,21040.0,2953.0,5623,1324.0,734174731.0,2948453.0,2077317.0,0.286,3.5
2022-01-05,1178,4004,1294,3881,20107.0,21529.0,3269.0,6213,1475.0,737376437.0,3201706.0,2199824.0,0.29,3.4
2022-01-06,1162,3916,1290,3782,20560.0,22134.0,3414.0,6214,1505.0,740557343.0,3180906.0,2316556.0,0.292,3.4
2022-01-07,1181,3886,1325,3738,20921.0,22862.0,3564.0,6213,1539.0,743473487.0,2916144.0,2444905.0,0.292,3.4
2022-01-08,1099,3939,1300,3735,20474.0,23139.0,3501.0,6213,1473.0,745673684.0,2200197.0,2579209.0,0.291,3.4
2022-01-09,1091,3948,1305,3728,18698.0,23789.0,3457.0,6211,1487.0,747331416.0,1657732.0,2623648.0,0.29,3.4
2022-01-10,991,3398,1360,3173,18783.0,24487.0,3421.0,5632,1392.0,749470715.0,2139299.0,2606348.0,0.289,3.5
2022-01-11,986,3396,1341,3195,21468.0,25081.0,3613.0,5629,1453.0,752161369.0,2690654.0,2569520.0,0.287,3.5
2022-01-12,1012,3970,1447,3731,22425.0,25328.0,3883.0,6211,1623.0,755093074.0,2931705.0,2530948.0,0.284,3.5
2022-01-13,1015,3844,1411,3638,22078.0,25558.0,4009.0,6214,1533.0,758116286.0,3023212.0,2508420.0,0.28,3.6
2022-01-14,1003,3857,1430,3615,22451.0,25734.0,3979.0,6215,1558.0,760943723.0,2827437.0,2495748.0,0.276,3.6
2022-01-15,953,3880,1371,3659,21459.0,25802.0,3945.0,6215,1492.0,763008938.0,2065215.0,2476465.0,0.273,3.7
2022-01-16,957,3872,1371,3654,18056.0,25867.0,3792.0,6213,1526.0,764383763.0,1374825.0,2436050.0,0.272,3.7
2022-01-17,972,3409,1365,3164,17241.0,26077.0,3615.0,5644,1617.0,766120810.0,1737047.0,2378585.0,0.272,3.7
2022-01-18,956,3403,1335,3219,20704.0,26372.0,3826.0,5631,1476.0,768716075.0,2595265.0,2364958.0,0.269,3.7
2022-01-19,784,3854,1422,3759,21417.0,26458.0,4070.0,6207,1324.0,771675297.0,2959222.0,2368889.0,0.265,3.8
2022-01-20,790,3621,1339,3582,20912.0,26283.0,4036.0,6208,1313.0,774469819.0,2794522.0,2336219.0,0.262,3.8
2022-01-21,808,3595,1362,3524,20250.0,26023.0,4005.0,6209,1320.0,776947828.0,2478009.0,2286301.0,0.259,3.9
2022-01-22,756,3635,1306,3561,18829.0,25679.0,3914.0,6206,1282.0,778696701.0,1748873.0,2241109.0,0.256,3.9
2022-01-23,757,3630,1304,3558,16359.0,25528.0,3752.0,6208,1247.0,779841938.0,1145237.0,2208311.0,0.254,3.9
2022-01-24,761,3157,1290,3082,16178.0,25562.0,3508.0,5630,1311.0,781403998.0,1562060.0,2183313.0,0.248,4.0
2022-01-25,765,3152,1288,3081,19344.0,25311.0,3638.0,5629,1313.0,783349059.0,1945061.0,2090426.0,0.241,4.1
2022-01-26,721,3734,1400,3768,18681.0,25073.0,3785.0,6211,1238.0,785439617.0,2090558.0,1966331.0,0.233,4.3
2022-01-27,711,3582,1336,3571,17642.0,24470.0,3654.0,6213,1301.0,787485088.0,2045471.0,1859324.0,0.223,4.5
2022-01-28,681,3549,1314,3605,17136.0,24021.0,3584.0,6214,1200.0,789372114.0,1887026.0,1774898.0,0.214,4.7
2022-01-29,644,3593,1235,3664,16050.0,23432.0,3347.0,6212,1137.0,790598136.0,1226022.0,1700205.0,0.208,4.8
2022-01-30,635,3588,1247,3648,13196.0,23196.0,3219.0,6195,1057.0,791361923.0,763787.0,1645712.0,0.202,5.0
2022-01-31,630,3065,1252,3149,12631.0,22909.0,3028.0,5635,1085.0,792609107.0,1247184.0,1600730.0,0.195,5.1
2022-02-01,525,2896,1207,3158,15290.0,22670.0,2920.0,5635,1051.0,794381865.0,1772758.0,1576115.0,0.183,5.5
2022-02-02,459,3426,1305,3830,14603.0,21913.0,3030.0,6214,1021.0,796274005.0,1892140.0,1547770.0,0.171,5.8
2022-02-03,462,3280,1221,3658,13583.0,21330.0,2891.0,6217,1047.0,797874731.0,1600726.0,1484235.0,0.162,6.2
2022-02-04,464,3228,1216,3651,12083.0,20576.0,2757.0,6213,926.0,799357630.0,1482899.0,1426502.0,0.152,6.6
2022-02-05,448,3324,1165,3737,11692.0,19642.0,2602.0,6215,901.0,800476134.0,1118504.0,1411143.0,0.145,6.9
2022-02-06,443,3321,1152,3694,10039.0,19280.0,2439.0,6208,863.0,801109105.0,632971.0,1392455.0,0.14,7.1
2022-02-07,431,2846,1151,3252,9392.0,18979.0,2260.0,5638,836.0,802360160.0,1251055.0,1393008.0,0.132,7.6
2022-02-08,415,2782,1123,3226,11157.0,18351.0,2242.0,5627,796.0,804007683.0,1647523.0,1375117.0,0.122,8.2
2022-02-09,437,3294,1232,3862,10678.0,17716.0,2270.0,6206,809.0,805569797.0,1562114.0,1327970.0,0.114,8.8
2022-02-10,429,3232,1144,3726,9995.0,17044.0,2200.0,6209,725.0,807040293.0,1470496.0,1309366.0,0.106,9.4
2022-02-11,432,3223,1146,3772,9403.0,16121.0,2100.0,6216,813.0,808445919.0,1405626.0,1298327.0,0.099,10.1
2022-02-12,407,3279,1064,3787,8733.0,15437.0,1942.0,6212,736.0,809333628.0,887709.0,1265356.0,0.094,10.6
2022-02-13,411,3285,1072,3783,6935.0,14886.0,1842.0,6202,703.0,809833333.0,499705.0,1246318.0,0.09,11.1
2022-02-14,390,2802,1069,3280,6347.0,14391.0,1752.0,5614,667.0,810818134.0,984801.0,1208282.0,0.084,11.9
2022-02-15,403,2764,1071,3285,7508.0,13814.0,1689.0,5626,648.0,812397574.0,1579440.0,1198556.0,0.078,12.8
2022-02-16,407,3391,1163,3945,7392.0,13145.0,1688.0,6208,585.0,814038641.0,1641067.0,1209835.0,0.072,13.9
2022-02-17,404,3312,1095,3813,7006.0,12545.0,1641.0,6212,842.0,815558797.0,1520156.0,1216929.0,0.067,14.9
2022-02-18,408,3305,1092,3828,6417.0,11927.0,1609.0,6214,539.0,816926605.0,1367808.0,1211527.0,0.063,15.9
2022-02-19,370,3395,1026,3934,5783.0,11237.0,1550.0,6214,496.0,817825587.0,898982.0,1213137.0,0.059,16.9
2022-02-20,363,3415,1038,3907,4732.0,10777.0,1458.0,6202,488.0,818285082.0,459495.0,1207393.0,0.057,17.5
2022-02-21,361,2917,1018,3438,4423.0,10453.0,1378.0,5624,458.0,819001368.0,716286.0,1169033.0,0.056,17.9
2022-02-22,361,2868,1010,3388,5376.0,10174.0,1375.0,5619,458.0,820224304.0,1222936.0,1118104.0,0.053,18.9
2022-02-23,358,3342,1092,3999,5247.0,9622.0,1357.0,6211,474.0,821602495.0,1378191.0,1080551.0,0.051,19.6
2022-02-24,377,3337,1041,3880,4783.0,9113.0,1274.0,6213,414.0,822839137.0,1236642.0,1040049.0,0.049,20.4
2022-02-25,371,3307,1030,3838,4545.0,8605.0,1249.0,6214,383.0,823971491.0,1132354.0,1006412.0,0.046,21.7
2022-02-26,354,3329,993,3850,4179.0,7998.0,1161.0,6211,355.0,824675471.0,703980.0,978555.0,0.045,22.2
2022-02-27,351,3335,985,3864,3361.0,7595.0,1098.0,6201,322.0,825098976.0,423505.0,973413.0,0.043,23.3
2022-02-28,340,2826,964,3370,3184.0,7358.0,1030.0,5606,318.0,825994580.0,895604.0,999030.0,0.041,24.4
2022-03-01,338,2810,957,3382,3897.0,7148.0,1001.0,5603,343.0,827271976.0,1277396.0,1006810.0,0.038,26.3
2022-03-02,351,3315,1062,4006,3839.0,6797.0,1017.0,6201,324.0,828517572.0,1245596.0,987868.0,0.035,28.6
2022-03-03,345,3302,998,3852,3527.0,6488.0,992.0,6204,316.0,829726397.0,1208825.0,983894.0,0.033,30.3
2022-03-04,343,3293,985,3886,3301.0,6039.0,968.0,6208,250.0,830796369.0,1069972.0,974983.0,0.031,32.3
2022-03-05,314,3365,937,3917,3062.0,5681.0,948.0,6204,280.0,831464823.0,668454.0,969907.0,0.03,33.3
2022-03-06,325,3351,928,3909,2501.0,5492.0,948.0,6204,249.0,831820318.0,355495.0,960192.0,0.029,34.5
2022-03-07,318,2844,948,3383,2333.0,5345.0,868.0,5613,241.0,832613626.0,793308.0,945578.0,0.028,35.7
2022-03-08,321,2834,930,3388,2697.0,4988.0,841.0,5604,230.0,833822537.0,1208911.0,935794.0,0.027,37.0
2022-03-09,325,3349,992,4080,2657.0,4743.0,810.0,6197,234.0,834962148.0,1139611.0,920654.0,0.025,40.0
2022-03-10,315,3310,934,3911,2554.0,4440.0,794.0,6206,227.0,835976902.0,1014754.0,892929.0,0.025,40.0
2022-03-11,317,3307,951,3941,2492.0,4174.0,743.0,6206,180.0,836978185.0,1001283.0,883117.0,0.024,41.7
2022-03-12,309,3338,896,3935,2328.0,3882.0,697.0,6204,200.0,837611294.0,633109.0,878067.0,0.023,43.5
2022-03-13,304,3387,882,3988,1786.0,3777.0,654.0,6205,151.0,837963317.0,352023.0,877571.0,0.022,45.5
2022-03-14,289,2854,875,3466,1649.0,3681.0,614.0,5616,155.0,838758789.0,795472.0,877880.0,0.022,45.5
2022-03-15,291,2852,876,3450,2206.0,3504.0,629.0,5613,192.0,839984557.0,1225768.0,880289.0,0.022,45.5
2022-03-16,307,3351,982,4078,2120.0,3453.0,623.0,6205,160.0,841183223.0,1198666.0,888725.0,0.021,47.6
2022-03-17,312,3293,911,3934,2006.0,3296.0,607.0,6210,173.0,842290190.0,1106967.0,901898.0,0.021,47.6
2022-03-18,306,3374,900,3965,1938.0,3129.0,584.0,6210,180.0,843300968.0,1010778.0,903255.0,0.021,47.6
2022-03-19,298,3342,880,3971,1783.0,3040.0,592.0,6209,159.0,843913936.0,612968.0,900377.0,0.021,47.6
2022-03-20,301,3357,875,3958,1479.0,2937.0,558.0,6208,144.0,844268636.0,354700.0,900760.0,0.021,47.6
2022-03-21,281,2853,863,3459,1385.0,2869.0,533.0,5599,140.0,845046988.0,778352.0,898314.0,0.022,45.5
2022-03-22,285,2842,859,3441,1747.0,2738.0,520.0,5594,166.0,846192404.0,1145416.0,886835.0,0.022,45.5
2022-03-23,292,3349,944,4108,1796.0,2593.0,544.0,6201,142.0,847300512.0,1108108.0,873898.0,0.022,45.5
2022-03-24,301,3322,876,3966,1640.0,2499.0,522.0,6206,180.0,848291349.0,990837.0,857308.0,0.023,43.5
2022-03-25,294,3317,891,3942,1622.0,2314.0,509.0,6202,158.0,849262770.0,971421.0,851686.0,0.023,43.5
2022-03-26,281,3359,835,3986,1666.0,2214.0,489.0,6207,122.0,849891566.0,628796.0,853947.0,0.023,43.5
2022-03-27,286,3346,855,4017,1346.0,2170.0,476.0,6205,96.0,850227637.0,336071.0,851286.0,0.023,43.5
2022-03-28,275,2846,841,3475,1202.0,2134.0,459.0,5594,107.0,850934608.0,706971.0,841089.0,0.024,41.7
2022-03-29,281,2827,832,3456,1462.0,2091.0,455.0,5579,92.0,851988727.0,1054119.0,828046.0,0.025,40.0
2022-03-30,299,3332,938,4099,1464.0,2026.0,466.0,6202,103.0,853046155.0,1057428.0,820806.0,0.025,40.0
2022-03-31,305,3313,889,3956,1442.0,1949.0,488.0,6203,110.0,853999907.0,953752.0,815508.0,0.026,38.5
2022-04-01,313,3295,878,3967,1424.0,1862.0,485.0,6205,114.0,854916071.0,916164.0,807614.0,0.026,38.5
2022-04-02,298,3330,855,4015,1391.0,1802.0,435.0,6209,97.0,855512914.0,596843.0,803050.0,0.027,37.0
2022-04-03,293,3333,830,3998,1121.0,1794.0,431.0,6206,84.0,855828869.0,315955.0,800176.0,0.028,35.7
2022-04-04,279,2815,838,3460,1175.0,1764.0,432.0,5583,83.0,856524470.0,695601.0,798552.0,0.028,35.7
2022-04-05,285,2815,839,3453,1420.0,1713.0,430.0,5583,84.0,857599944.0,1075474.0,801602.0,0.03,33.3
2022-04-06,295,3334,936,4105,1425.0,1705.0,443.0,6200,79.0,858598868.0,998924.0,793245.0,0.031,32.3
2022-04-07,300,3287,872,3955,1471.0,1723.0,445.0,6207,107.0,859539556.0,940688.0,791378.0,0.032,31.2
2022-04-08,303,3292,882,3954,1505.0,1682.0,426.0,6205,88.0,860455560.0,916004.0,791356.0,0.034,29.4
2022-04-09,279,3338,828,3984,1369.0,1590.0,406.0,6202,75.0,861049283.0,593723.0,790910.0,0.035,28.6
2022-04-10,286,3361,826,3982,1247.0,1534.0,403.0,6200,161.0,861365940.0,316657.0,791010.0,0.036,27.8
2022-04-11,282,2810,840,3452,1207.0,1568.0,395.0,5581,96.0,862048879.0,682939.0,789201.0,0.037,27.0
2022-04-12,280,2801,841,3457,1516.0,1527.0,426.0,5577,143.0,863013627.0,964748.0,773383.0,0.04,25.0
2022-04-13,299,3321,919,4121,1506.0,1522.0,448.0,6201,75.0,863930194.0,916567.0,761618.0,0.043,23.3
2022-04-14,302,3288,876,3965,1536.0,1548.0,444.0,6197,81.0,864753184.0,822990.0,744804.0,0.045,22.2
2022-04-15,292,3302,862,3992,1626.0,1529.0,424.0,6194,79.0,865461393.0,708209.0,715119.0,0.048,20.8
2022-04-16,280,3338,831,4009,1485.0,1457.0,419.0,6185,79.0,865920124.0,458731.0,695834.0,0.051,19.6
2022-04-17,282,3340,823,4013,1280.0,1432.0,426.0,6188,150.0,866188819.0,268695.0,688983.0,0.051,19.6
2022-04-18,290,2802,839,3450,1396.0,1450.0,406.0,5570,91.0,866753495.0,564676.0,672088.0,0.052,19.2
2022-04-19,286,2798,842,3463,1700.0,1485.0,409.0,5578,84.0,867560644.0,807149.0,649574.0,0.053,18.9
2022-04-20,303,3312,918,4107,1797.0,1445.0,457.0,6193,92.0,868386612.0,825968.0,636631.0,0.054,18.5
2022-04-21,303,3271,884,3966,1806.0,1486.0,450.0,6196,80.0,869162583.0,775971.0,629914.0,0.055,18.2
2022-04-22,285,3286,865,3980,1889.0,1489.0,426.0,6198,80.0,869925154.0,762571.0,637680.0,0.055,18.2
2022-04-23,284,3331,833,3994,1871.0,1453.0,429.0,6198,70.0,870428468.0,503314.0,644049.0,0.055,18.2
2022-04-24,283,3344,819,4012,1608.0,1446.0,426.0,6198,72.0,870719049.0,290581.0,647176.0,0.056,17.9
2022-04-25,282,2820,833,3476,1679.0,1507.0,434.0,5584,75.0,871461991.0,742942.0,672642.0,0.058,17.2
2022-04-26,280,2825,824,3505,2078.0,1582.0,468.0,5577,125.0,872601590.0,1139599.0,720135.0,0.06,16.7
2022-04-27,292,3331,901,4118,2297.0,1584.0,474.0,6196,103.0,873689637.0,1088047.0,757575.0,0.062,16.1
2022-04-28,283,3312,851,3990,2184.0,1592.0,499.0,6199,108.0,874693491.0,1003854.0,790130.0,0.065,15.4
2022-04-29,289,3284,859,3983,2206.0,1623.0,521.0,6197,106.0,875679222.0,985731.0,822010.0,0.067,14.9
2022-04-30,298,3329,831,4006,2242.0,1580.0,472.0,6196,91.0,876293599.0,614377.0,837876.0,0.068,14.7
2022-05-01,286,3336,820,4012,2018.0,1576.0,482.0,6194,81.0,876624513.0,330914.0,843638.0,0.069,14.5
2022-05-02,275,2821,814,3497,2023.0,1660.0,521.0,5575,125.0,877290973.0,666460.0,832712.0,0.072,13.9
2022-05-03,278,2804,825,3465,2504.0,1692.0,565.0,5567,103.0,878305681.0,1014708.0,814870.0,0.075,13.3
2022-05-04,292,3324,907,4113,2626.0,1725.0,569.0,6188,82.0,879306997.0,1001316.0,802480.0,0.077,13.0
2022-05-05,300,3286,868,3980,2641.0,1736.0,599.0,6193,87.0,880271413.0,964416.0,796846.0,0.079,12.7
2022-05-06,297,3297,856,3890,2735.0,1725.0,541.0,6193,91.0,881217473.0,946060.0,791179.0,0.081,12.3
2022-05-07,275,3338,814,3942,2681.0,1774.0,542.0,6192,84.0,881873121.0,655648.0,797075.0,0.083,12.0
2022-05-08,271,3370,808,3951,2326.0,1740.0,556.0,6191,84.0,882229421.0,356300.0,800701.0,0.085,11.8
2022-05-09,284,2806,808,3396,2256.0,1785.0,548.0,5577,89.0,882951177.0,721756.0,808601.0,0.087,11.5
2022-05-10,270,2807,799,3393,2841.0,1830.0,591.0,5565,137.0,884059619.0,1108442.0,821991.0,0.09,11.1
2022-05-11,290,3308,897,3994,2989.0,1884.0,654.0,6186,74.0,885172858.0,1113239.0,837980.0,0.092,10.9
2022-05-12,297,3275,860,3880,3087.0,1872.0,690.0,6189,107.0,886196315.0,1023457.0,846415.0,0.095,10.5
2022-05-13,285,3285,849,3886,3374.0,1943.0,715.0,6188,88.0,887147252.0,950937.0,847111.0,0.097,10.3
2022-05-14,276,3336,799,3936,3201.0,1935.0,669.0,6184,90.0,887842502.0,695250.0,852769.0,0.099,10.1
2022-05-15,279,3336,808,3937,2948.0,1951.0,670.0,6184,82.0,888220872.0,378370.0,855922.0,0.1,10.0
2022-05-16,278,2807,810,3395,2914.0,2147.0,682.0,5573,103.0,888998375.0,777503.0,863885.0,0.102,9.8
2022-05-17,272,2814,812,3401,3622.0,2295.0,702.0,5574,95.0,890124308.0,1125933.0,866384.0,0.105,9.5
2022-05-18,285,3333,903,4005,3559.0,2278.0,735.0,6192,98.0,891269590.0,1145282.0,870962.0,0.107,9.3
2022-05-19,295,3285,850,3902,3507.0,2316.0,745.0,6194,95.0,892358780.0,1089190.0,880352.0,0.108,9.3
2022-05-20,297,3284,847,3899,3628.0,2301.0,723.0,6195,98.0,893417932.0,1059152.0,895811.0,0.109,9.2
2022-05-21,270,3336,800,3954,3550.0,2277.0,717.0,6194,102.0,894147186.0,729254.0,900669.0,0.11,9.1
2022-05-22,267,3344,793,3947,3205.0,2328.0,737.0,6178,103.0,894562477.0,415291.0,905944.0,0.11,9.1
2022-05-23,263,2818,791,3408,3245.0,2364.0,749.0,5564,92.0,895341850.0,779373.0,906211.0,0.111,9.0
2022-05-24,278,2801,809,3388,3682.0,2407.0,772.0,5563,116.0,896490449.0,1148599.0,909449.0,0.111,9.0
2022-05-25,275,3318,869,4030,3863.0,2425.0,753.0,6189,121.0,897614436.0,1123987.0,906407.0,0.111,9.0
2022-05-26,282,3284,828,3905,3955.0,2490.0,742.0,6192,102.0,898625501.0,1011065.0,895246.0,0.112,8.9
2022-05-27,287,3287,835,3887,3951.0,2559.0,751.0,6192,108.0,899459242.0,833741.0,863044.0,0.113,8.8
2022-05-28,274,3332,795,3950,3944.0,2429.0,773.0,6193,132.0,900042212.0,582970.0,842147.0,0.113,8.8
2022-05-29,262,3345,785,3966,3427.0,2416.0,770.0,6191,163.0,900389806.0,347594.0,832476.0,0.113,8.8
2022-05-30,244,2867,756,3448,3408.0,2513.0,753.0,5564,229.0,900688547.0,298741.0,763814.0,0.114,8.8
2022-05-31,258,2812,784,3428,3747.0,2548.0,726.0,5563,116.0,901411323.0,722776.0,702982.0,0.119,8.4
2022-06-01,263,3344,859,4052,4409.0,2650.0,813.0,6190,104.0,902479787.0,1068464.0,695050.0,0.119,8.4
2022-06-02,283,3285,831,3909,4296.0,2687.0,837.0,6194,124.0,903587867.0,1108080.0,708909.0,0.119,8.4
2022-06-03,277,3299,815,3922,4197.0,2719.0,860.0,6191,135.0,904536473.0,948606.0,725319.0,0.119,8.4
2022-06-04,272,3342,778,3989,3956.0,2667.0,821.0,6184,222.0,905171421.0,634948.0,732744.0,0.119,8.4
2022-06-05,275,3336,784,3972,3474.0,2600.0,898.0,6170,109.0,905556050.0,384629.0,738035.0,0.12,8.3
2022-06-06,266,2813,791,3420,3570.0,2736.0,782.0,5578,342.0,906214462.0,658412.0,789416.0,0.12,8.3
2022-06-07,266,2807,801,3403,4312.0,2809.0,862.0,5573,159.0,907157848.0,943386.0,820932.0,0.117,8.5
2022-06-08,276,3310,874,4041,4256.0,2844.0,826.0,6195,151.0,907957598.0,799750.0,782544.0,0.117,8.5
2022-06-09,275,3304,836,3918,4398.0,2885.0,849.0,6197,118.0,908481906.0,524308.0,699148.0,0.118,8.5
2022-06-10,277,3282,827,3916,4335.0,2783.0,859.0,6197,125.0,909003851.0,521945.0,638197.0,0.12,8.3
2022-06-11,277,3329,790,3964,4249.0,2836.0,809.0,6195,125.0,909435615.0,431764.0,609171.0,0.122,8.2
2022-06-12,268,3356,787,3975,3639.0,2856.0,841.0,6178,112.0,909786560.0,350945.0,604359.0,0.121,8.3
2022-06-13,268,2805,794,3420,3873.0,2889.0,824.0,5561,115.0,910343793.0,557233.0,589904.0,0.122,8.2
2022-06-14,256,2841,787,3431,4463.0,2999.0,843.0,5570,120.0,911039148.0,695355.0,554471.0,0.127,7.9
2022-06-15,277,3325,871,4046,4445.0,2994.0,904.0,6192,146.0,911642612.0,603464.0,526431.0,0.133,7.5
2022-06-16,281,3285,826,3930,4472.0,3043.0,922.0,6191,122.0,912115224.0,472612.0,519045.0,0.136,7.4
2022-06-17,289,3280,843,3914,4368.0,2996.0,918.0,6195,115.0,912521698.0,406474.0,502550.0,0.138,7.2
2022-06-18,281,3320,794,3964,4182.0,2925.0,902.0,6195,140.0,912769124.0,247426.0,476216.0,0.139,7.2
