data,hospitais_relataram_estado_critico,hospitais_relataram_estado_nao_critico,hospitais_previram_estado_critico,hospitais_previram_estado_nao_critico,admissoes_adultos_covid_confirmado,pacientes_uti_adultos_covid_confirmado,internacoes_pediatricas_covid_confirmado,total_leitos_uti_adultos,mortes_covid
2020-03-01,0,0,0,0,0.0,0.0,0.0,0,0.0
2020-03-02,0,0,0,0,0.0,0.0,0.0,0,1.0
2020-03-03,0,0,0,0,0.0,0.0,0.0,0,6.0
2020-03-04,0,0,0,0,0.0,0.0,0.0,0,0.0
2020-03-05,0,0,0,0,0.0,0.0,0.0,0,0.0
2020-03-06,0,0,0,0,0.0,0.0,0.0,0,0.0
2020-03-07,0,0,0,0,0.0,0.0,0.0,0,0.0
2020-03-08,0,0,0,0,0.0,0.0,0.0,0,1.0
2020-03-09,0,0,0,0,0.0,0.0,0.0,0,1.0
2020-03-10,0,0,0,0,0.0,0.0,0.0,0,1.0
2020-03-11,0,0,0,0,0.0,0.0,0.0,0,0.0
2020-03-12,0,0,0,0,0.0,0.0,0.0,0,2.0
2020-03-13,0,0,0,0,0.0,0.0,0.0,0,1.0
2020-03-14,0,0,0,0,0.0,0.0,0.0,0,3.0
2020-03-15,0,0,0,0,0.0,0.0,0.0,0,2.0
2020-03-16,0,0,0,0,0.0,0.0,0.0,0,4.0
2020-03-17,0,0,0,0,0.0,0.0,0.0,0,4.0
2020-03-18,0,0,0,0,0.0,0.0,0.0,0,8.0
2020-03-19,0,0,0,0,0.0,0.0,0.0,0,12.0
2020-03-20,0,0,0,0,0.0,0.0,0.0,0,8.0
2020-03-21,0,0,0,0,0.0,0.0,0.0,0,10.0
2020-03-22,0,0,0,0,1.0,0.0,0.0,0,17.0
2020-03-23,0,0,0,0,1.0,0.0,0.0,0,21.0
2020-03-24,0,0,0,0,2.0,0.0,0.0,0,18.0
2020-03-25,0,0,0,0,3.0,0.0,0.0,0,34.0
2020-03-26,0,1,0,1,2.0,0.0,0.0,1,97.0
2020-03-27,0,1,0,1,2.0,0.0,0.0,1,52.0
2020-03-28,0,1,0,1,2.0,0.0,0.0,1,64.0
2020-03-29,0,1,0,1,4.0,0.0,0.0,1,80.0
2020-03-30,0,1,0,1,2.0,0.0,0.0,1,258.0
2020-03-31,0,1,0,1,2.0,0.0,0.0,1,413.0
2020-04-01,0,1,0,1,2.0,0.0,0.0,1,640.0
2020-04-02,0,1,0,1,2.0,0.0,0.0,1,826.0
2020-04-03,0,1,0,1,2.0,0.0,0.0,1,960.0
2020-04-04,0,0,0,0,2.0,0.0,0.0,0,1095.0
2020-04-05,0,0,0,0,0.0,0.0,0.0,0,1017.0
2020-04-06,0,0,0,0,74.0,0.0,0.0,0,1077.0
2020-04-07,0,0,0,0,76.0,0.0,0.0,0,1098.0
2020-04-08,0,0,0,0,64.0,0.0,0.0,0,1169.0
2020-04-09,0,0,0,0,74.0,45.0,0.0,0,1264.0
2020-04-10,6,46,6,46,133.0,69.0,6.0,58,1216.0
2020-04-11,6,47,6,47,102.0,76.0,6.0,59,1225.0
2020-04-12,6,47,6,47,123.0,79.0,6.0,59,1238.0
2020-04-13,6,45,6,45,113.0,78.0,6.0,56,1378.0
2020-04-14,6,45,6,45,104.0,84.0,6.0,56,1550.0
2020-04-15,0,1,0,1,56.0,61.0,0.0,1,1182.0
2020-04-16,0,1,0,1,38.0,56.0,0.0,16,1106.0
2020-04-17,0,1,0,1,86.0,52.0,0.0,16,1145.0
2020-04-18,0,2,0,2,67.0,52.0,0.0,25,1363.0
2020-04-19,0,2,0,2,83.0,52.0,0.0,25,796.0
2020-04-20,0,1,0,1,66.0,0.0,0.0,21,1020.0
2020-04-21,0,1,0,1,48.0,0.0,0.0,19,963.0
2020-04-22,0,1,0,1,0.0,0.0,0.0,22,1037.0
2020-04-23,0,1,0,1,50.0,0.0,0.0,24,1077.0
2020-04-24,0,1,0,1,68.0,0.0,0.0,26,1200.0
2020-04-25,0,2,0,2,65.0,0.0,0.0,31,1131.0
2020-04-26,0,2,0,2,41.0,0.0,0.0,32,1032.0
2020-04-27,0,2,0,2,48.0,0.0,0.0,27,1081.0
2020-04-28,0,2,0,2,44.0,0.0,0.0,26,1203.0
2020-04-29,0,2,0,2,68.0,0.0,0.0,26,1289.0
2020-04-30,0,2,0,2,111.0,0.0,0.0,24,1194.0
2020-05-01,0,2,0,2,101.0,0.0,0.0,25,1302.0
2020-05-02,0,2,0,2,103.0,30.0,0.0,21,1229.0
2020-05-03,0,2,0,2,82.0,32.0,0.0,30,1067.0
2020-05-04,0,2,0,2,78.0,30.0,0.0,24,1149.0
2020-05-05,0,2,0,2,66.0,27.0,0.0,26,1118.0
2020-05-06,0,2,0,2,27.0,26.0,0.0,26,1061.0
2020-05-07,0,2,0,2,64.0,31.0,0.0,27,1114.0
2020-05-08,0,2,0,2,74.0,28.0,0.0,26,1170.0
2020-05-09,0,2,0,2,82.0,24.0,0.0,31,915.0
2020-05-10,0,2,0,2,60.0,28.0,0.0,31,879.0
2020-05-11,0,2,0,2,53.0,27.0,0.0,16,983.0
2020-05-12,0,5,1,4,54.0,28.0,0.0,27,963.0
2020-05-13,0,11,2,9,60.0,30.0,0.0,27,1036.0
2020-05-14,0,10,2,8,71.0,32.0,0.0,26,1042.0
2020-05-15,0,12,3,10,62.0,33.0,0.0,27,632.0
2020-05-16,0,10,3,8,93.0,30.0,0.0,23,606.0
2020-05-17,0,10,3,8,66.0,24.0,0.0,23,585.0
2020-05-18,0,12,3,10,63.0,27.0,0.0,27,2729.0
2020-05-19,0,12,3,10,69.0,36.0,0.0,27,2727.0
2020-05-20,0,12,3,10,82.0,35.0,0.0,27,2767.0
2020-05-21,0,13,3,11,60.0,35.0,0.0,28,2758.0
2020-05-22,0,10,3,8,21.0,30.0,0.0,21,2782.0
2020-05-23,0,9,3,7,58.0,25.0,0.0,20,2795.0
2020-05-24,0,9,3,7,46.0,25.0,0.0,20,2734.0
2020-05-25,0,10,3,8,46.0,25.0,0.0,21,2786.0
2020-05-26,1,11,4,9,39.0,28.0,0.0,25,2738.0
2020-05-27,1,8,4,6,46.0,1.0,0.0,19,2784.0
2020-05-28,1,8,4,6,46.0,1.0,0.0,19,2743.0
2020-05-29,1,13,4,11,46.0,10.0,0.0,28,2616.0
2020-05-30,1,14,4,12,40.0,17.0,0.0,33,2543.0
2020-05-31,1,14,4,12,40.0,16.0,0.0,33,2531.0
2020-06-01,1,12,4,10,34.0,6.0,0.0,26,2578.0
2020-06-02,1,12,4,10,27.0,8.0,0.0,26,2567.0
2020-06-03,1,12,4,10,23.0,7.0,0.0,26,2697.0
2020-06-04,1,12,4,10,30.0,5.0,0.0,26,371.0
2020-06-05,1,14,4,12,27.0,11.0,0.0,27,431.0
2020-06-06,1,17,4,15,27.0,16.0,0.0,35,376.0
2020-06-07,1,17,4,15,32.0,16.0,0.0,35,343.0
2020-06-08,1,15,4,13,23.0,5.0,0.0,28,397.0
2020-06-09,1,10,3,8,20.0,5.0,0.0,20,379.0
2020-06-10,1,8,2,7,54.0,2.0,0.0,18,385.0
2020-06-11,1,8,2,7,59.0,2.0,0.0,18,407.0
2020-06-12,2,16,3,15,48.0,15.0,0.0,29,331.0
2020-06-13,2,21,3,20,44.0,17.0,0.0,39,284.0
2020-06-14,2,20,3,19,40.0,18.0,0.0,38,299.0
2020-06-15,1,11,2,10,25.0,2.0,0.0,22,351.0
2020-06-16,2,16,3,15,34.0,5.0,0.0,28,338.0
2020-06-17,2,16,3,15,29.0,5.0,0.0,28,294.0
2020-06-18,2,15,3,14,36.0,4.0,0.0,27,303.0
2020-06-19,2,15,3,14,39.0,14.0,0.0,28,259.0
2020-06-20,2,20,3,19,43.0,14.0,0.0,38,256.0
2020-06-21,2,20,3,19,45.0,14.0,0.0,38,264.0
2020-06-22,2,14,3,13,51.0,11.0,0.0,27,371.0
2020-06-23,2,14,3,13,68.0,24.0,0.0,27,319.0
2020-06-24,2,14,3,13,61.0,7.0,0.0,27,359.0
2020-06-25,2,14,3,13,67.0,10.0,0.0,28,406.0
2020-06-26,2,14,3,13,92.0,9.0,0.0,28,404.0
2020-06-27,2,20,3,19,86.0,15.0,0.0,40,410.0
2020-06-28,2,19,3,18,86.0,14.0,0.0,39,443.0
2020-06-29,2,15,3,14,113.0,11.0,0.0,30,485.0
2020-06-30,2,11,3,10,145.0,11.0,0.0,23,434.0
2020-07-01,2,16,3,15,128.0,6.0,0.0,31,437.0
2020-07-02,2,17,3,16,115.0,2.0,0.0,33,362.0
2020-07-03,2,21,3,20,128.0,6.0,0.0,36,437.0
2020-07-04,2,21,3,20,113.0,16.0,0.0,42,434.0
2020-07-05,2,22,3,21,104.0,15.0,0.0,43,466.0
2020-07-06,2,15,3,14,110.0,13.0,0.0,31,512.0
2020-07-07,2,17,3,16,114.0,13.0,0.0,33,552.0
2020-07-08,2,17,3,16,137.0,18.0,0.0,35,471.0
2020-07-09,2,16,3,15,140.0,21.0,0.0,70,429.0
2020-07-10,9,62,11,62,194.0,61.0,5.0,131,413.0
2020-07-11,4,26,6,25,168.0,208.0,0.0,142,471.0
2020-07-12,4,26,6,25,174.0,214.0,0.0,142,449.0
2020-07-13,4,21,6,20,221.0,211.0,0.0,138,424.0
2020-07-14,5,27,6,26,349.0,344.0,0.0,211,332.0
2020-07-15,242,1074,306,948,3681.0,9245.0,735.0,1434,648.0
2020-07-16,334,1259,409,1092,4382.0,9797.0,795.0,1761,526.0
2020-07-17,417,1458,487,1289,4714.0,10700.0,1279.0,1959,532.0
2020-07-18,418,1385,488,1221,4378.0,10963.0,1230.0,1947,440.0
2020-07-19,418,1427,493,1257,3507.0,10267.0,806.0,1816,394.0
2020-07-20,440,1528,504,1345,3918.0,11291.0,681.0,2043,497.0
2020-07-21,476,1693,545,1506,4935.0,11458.0,811.0,2183,570.0
2020-07-22,628,2283,720,2070,4382.0,12487.0,795.0,2751,739.0
2020-07-23,676,2742,797,2524,4721.0,13916.0,709.0,3704,1079.0
2020-07-24,707,2810,811,2602,4950.0,13627.0,695.0,3855,838.0
2020-07-25,709,2984,813,2782,5338.0,14402.0,4327.0,3972,804.0
2020-07-26,689,2943,784,2814,4399.0,12403.0,598.0,4015,874.0
2020-07-27,750,2962,848,2836,4885.0,14230.0,569.0,4078,727.0
2020-07-28,754,3077,882,2927,6003.0,14578.0,545.0,4159,767.0
2020-07-29,762,3169,881,3033,5146.0,14021.0,663.0,4284,901.0
2020-07-30,782,3199,905,3061,5210.0,14653.0,638.0,4372,1305.0
2020-07-31,788,3189,904,3032,6159.0,14603.0,640.0,4383,1348.0
2020-08-01,766,3156,884,3024,5920.0,14400.0,655.0,4277,1314.0
2020-08-02,743,3083,856,2961,4406.0,14053.0,1489.0,4323,1329.0
2020-08-03,780,3148,889,3035,4376.0,14245.0,632.0,4416,1288.0
2020-08-04,778,3184,894,3064,4965.0,14116.0,628.0,4417,1230.0
2020-08-05,803,3210,906,3108,4711.0,14059.0,680.0,4325,1329.0
2020-08-06,777,3249,884,3141,4792.0,13885.0,650.0,4371,1249.0
2020-08-07,789,3373,909,3258,4792.0,13769.0,692.0,4376,1275.0
2020-08-08,774,3401,900,3278,4539.0,13358.0,724.0,4398,1270.0
2020-08-09,747,3369,871,3243,4020.0,13163.0,706.0,4360,1216.0
2020-08-10,792,3437,917,3314,3979.0,13181.0,792.0,4452,1246.0
2020-08-11,795,3412,917,3285,4648.0,13058.0,933.0,4449,1241.0
2020-08-12,771,3433,913,3297,4329.0,12868.0,715.0,4458,1274.0
2020-08-13,780,3419,906,3290,4473.0,12677.0,734.0,4443,1220.0
2020-08-14,798,3446,924,3313,4710.0,12512.0,749.0,4453,1254.0
2020-08-15,779,3511,902,3374,4662.0,12246.0,680.0,4406,1223.0
2020-08-16,766,3497,868,3378,4091.0,11991.0,641.0,4380,1143.0
2020-08-17,781,3551,904,3415,4502.0,11967.0,604.0,4419,1177.0
2020-08-18,774,3533,893,3398,4646.0,11958.0,510.0,4529,1137.0
2020-08-19,771,3557,907,3416,4178.0,11571.0,537.0,4530,1189.0
2020-08-20,792,3531,922,3403,4332.0,11263.0,496.0,4545,1232.0
2020-08-21,800,3556,915,3439,4086.0,11023.0,560.0,4563,664.0
2020-08-22,769,3581,906,3440,4438.0,10779.0,535.0,4632,606.0
2020-08-23,763,3587,906,3441,3636.0,10738.0,541.0,4635,530.0
2020-08-24,781,3597,913,3457,3678.0,10691.0,503.0,4645,554.0
2020-08-25,760,3592,902,3455,4296.0,10603.0,422.0,4649,648.0
2020-08-26,790,3598,919,3475,4332.0,10383.0,377.0,4683,635.0
2020-08-27,785,3698,922,3589,4077.0,9905.0,413.0,4655,610.0
2020-08-28,815,3740,949,3629,4566.0,9883.0,426.0,4697,568.0
2020-08-29,810,3763,950,3643,4518.0,9697.0,443.0,4707,518.0
2020-08-30,780,3762,930,3632,3837.0,9549.0,419.0,4680,551.0
2020-08-31,814,3787,944,3680,3830.0,9509.0,457.0,4732,539.0
2020-09-01,807,3820,957,3694,4034.0,9472.0,595.0,4741,605.0
2020-09-02,826,3844,967,3729,3996.0,9362.0,547.0,4781,602.0
2020-09-03,831,4002,977,3879,3744.0,9232.0,584.0,4821,545.0
2020-09-04,841,4020,990,3900,3961.0,9228.0,554.0,4848,521.0
2020-09-05,812,4032,959,3907,3660.0,9091.0,512.0,4844,540.0
2020-09-06,904,3951,1043,3836,3240.0,9010.0,457.0,4837,487.0
2020-09-07,876,4046,1033,3911,3349.0,8974.0,471.0,4827,452.0
2020-09-08,898,3984,1038,3867,3591.0,8971.0,481.0,4854,544.0
2020-09-09,910,4081,1038,3977,4454.0,8784.0,499.0,4884,887.0
2020-09-10,908,4106,1032,4003,4421.0,8590.0,491.0,4903,541.0
2020-09-11,931,4105,1044,4018,4388.0,8529.0,519.0,4923,491.0
2020-09-12,887,4124,1018,4017,3976.0,8312.0,476.0,4926,479.0
2020-09-13,884,4024,1027,3909,3676.0,8261.0,413.0,4905,500.0
2020-09-14,910,4109,1049,3995,2974.0,8264.0,488.0,4923,461.0
2020-09-15,918,4034,1046,3931,3814.0,8158.0,746.0,4937,510.0
2020-09-16,902,4137,1037,4025,3388.0,8074.0,540.0,4936,557.0
2020-09-17,914,4095,1040,3989,3495.0,8025.0,540.0,4976,498.0
2020-09-18,856,4235,972,4145,3449.0,7970.0,526.0,4983,464.0
2020-09-19,828,4176,950,4080,3359.0,7833.0,542.0,4986,465.0
2020-09-20,808,4175,942,4069,3003.0,7840.0,555.0,4977,466.0
2020-09-21,843,4270,977,4160,3126.0,7856.0,623.0,4995,468.0
2020-09-22,849,4187,976,4084,3657.0,7862.0,625.0,5004,486.0
2020-09-23,852,4274,993,4159,3599.0,7861.0,613.0,5024,453.0
2020-09-24,834,4241,981,4119,3496.0,7830.0,588.0,5059,475.0
2020-09-25,859,4337,996,4227,3558.0,7813.0,600.0,5093,457.0
2020-09-26,829,4342,978,4219,3624.0,7796.0,410.0,5091,444.0
2020-09-27,837,4327,982,4210,3219.0,8067.0,398.0,5087,440.0
2020-09-28,874,4200,996,4182,3620.0,7915.0,401.0,5131,424.0
2020-09-29,852,4310,993,4200,4025.0,8043.0,463.0,5144,551.0
2020-09-30,868,4337,1018,4226,3899.0,8070.0,567.0,5159,432.0
2020-10-01,862,4442,1011,4244,3951.0,8005.0,584.0,5169,462.0
2020-10-02,893,4446,1023,4260,3805.0,7957.0,554.0,5187,509.0
2020-10-03,858,4441,987,4252,4133.0,7964.0,553.0,5173,500.0
2020-10-04,849,4451,984,4254,3572.0,8119.0,518.0,5181,418.0
2020-10-05,900,4505,1022,4329,4488.0,8332.0,535.0,5217,559.0
2020-10-06,894,4559,1032,4364,5245.0,8569.0,592.0,5217,485.0
2020-10-07,906,4576,1065,4368,4712.0,8638.0,581.0,5228,477.0
2020-10-08,921,4617,1080,4416,4737.0,8624.0,599.0,5288,506.0
2020-10-09,934,4647,1083,4456,4664.0,8723.0,606.0,5334,495.0
2020-10-10,921,4672,1056,4489,4670.0,8731.0,617.0,5358,520.0
2020-10-11,914,4684,1063,4487,4446.0,8819.0,621.0,5347,473.0
2020-10-12,924,4670,1074,4482,4569.0,9057.0,491.0,5355,498.0
2020-10-13,934,4644,1091,4450,5334.0,9412.0,492.0,5354,501.0
2020-10-14,951,4704,1113,4503,5267.0,9303.0,487.0,5442,488.0
2020-10-15,965,4705,1134,4503,5180.0,9478.0,430.0,5472,496.0
2020-10-16,980,4733,1143,4538,5447.0,9538.0,559.0,5511,584.0
2020-10-17,950,4741,1127,4536,5423.0,9516.0,551.0,5515,518.0
2020-10-18,956,4721,1129,4519,5100.0,9725.0,532.0,5514,539.0
2020-10-19,955,4686,1131,4483,5132.0,10075.0,484.0,5504,556.0
2020-10-20,941,4683,1105,4493,6115.0,10215.0,466.0,5543,563.0
2020-10-21,958,4763,1124,4572,5903.0,10437.0,340.0,5691,557.0
2020-10-22,976,4763,1138,4590,6071.0,10650.0,373.0,5732,554.0
2020-10-23,977,4785,1148,4594,6048.0,10712.0,358.0,5751,531.0
2020-10-24,947,4791,1138,4583,6187.0,10711.0,380.0,5754,505.0
2020-10-25,933,4791,1134,4572,5341.0,10853.0,361.0,5747,507.0
2020-10-26,952,4520,1129,4336,5463.0,11110.0,333.0,5489,532.0
2020-10-27,939,4519,1120,4334,6489.0,11434.0,341.0,5532,526.0
2020-10-28,969,4772,1165,4567,6908.0,11661.0,368.0,5854,785.0
2020-10-29,977,4782,1176,4577,7054.0,11827.0,394.0,5881,769.0
2020-10-30,994,4810,1172,4608,7319.0,11854.0,466.0,6030,1246.0
2020-10-31,1016,4798,1178,4626,6802.0,11887.0,473.0,6025,1303.0
2020-11-01,980,4825,1174,4623,6275.0,12131.0,473.0,6021,1204.0
2020-11-02,982,4541,1159,4360,6733.0,12594.0,457.0,5703,1276.0
2020-11-03,988,4523,1158,4350,7812.0,12909.0,444.0,5690,845.0
2020-11-04,1000,4872,1193,4680,7977.0,13002.0,427.0,6047,858.0
2020-11-05,1011,4852,1194,4669,8362.0,13228.0,457.0,6072,934.0
2020-11-06,1026,4824,1208,4639,8680.0,13357.0,483.0,6088,987.0
2020-11-07,993,4844,1199,4640,8834.0,13479.0,473.0,6082,936.0
2020-11-08,993,4837,1183,4649,8149.0,14008.0,482.0,6076,935.0
2020-11-09,1001,4426,1175,4254,8524.0,14409.0,460.0,5691,998.0
2020-11-10,1048,4395,1207,4236,10180.0,14835.0,509.0,5699,1016.0
2020-11-11,1087,4758,1265,4579,10298.0,15115.0,599.0,6081,1070.0
2020-11-12,1118,4736,1289,4563,10417.0,15594.0,605.0,6114,928.0
2020-11-13,1115,4688,1307,4497,10580.0,15867.0,621.0,6128,1167.0
2020-11-14,1093,4714,1297,4511,10593.0,16238.0,610.0,6124,913.0
2020-11-15,1088,4625,1295,4506,10013.0,16808.0,588.0,6115,918.0
2020-11-16,1084,4322,1286,4122,10259.0,17538.0,565.0,5731,1024.0
2020-11-17,1095,4282,1317,4059,12059.0,18088.0,575.0,5715,1096.0
2020-11-18,1137,4746,1363,4521,11951.0,18331.0,664.0,6136,1151.0
2020-11-19,1132,4675,1367,4439,12004.0,18742.0,670.0,6143,1109.0
2020-11-20,1147,4667,1384,4429,12337.0,18916.0,727.0,6148,1212.0
2020-11-21,1134,4673,1377,4428,11975.0,19091.0,715.0,6145,1123.0
2020-11-22,1121,4670,1368,4419,10900.0,19658.0,722.0,6138,1062.0
2020-11-23,1126,4164,1365,4014,11123.0,20176.0,626.0,5710,1272.0
2020-11-24,1123,4275,1361,4033,13364.0,20572.0,637.0,5728,1338.0
2020-11-25,1175,4722,1431,4464,13079.0,20831.0,708.0,6153,1413.0
2020-11-26,1136,4670,1409,4394,12578.0,21025.0,672.0,6155,1307.0
2020-11-27,1149,4573,1412,4398,10978.0,21327.0,653.0,6157,1207.0
2020-11-28,1159,4656,1422,4389,12967.0,21483.0,658.0,6156,1354.0
2020-11-29,1155,4648,1416,4386,12298.0,21919.0,667.0,6145,1368.0
2020-11-30,1133,4151,1375,3996,11990.0,22500.0,630.0,5706,1335.0
2020-12-01,1111,4268,1385,3987,14253.0,22868.0,700.0,5713,1447.0
2020-12-02,1180,4720,1453,4444,13764.0,22962.0,801.0,6159,1573.0
2020-12-03,1182,4662,1451,4388,13730.0,23043.0,796.0,6170,1618.0
2020-12-04,1184,4575,1447,4309,13845.0,23123.0,847.0,6173,1615.0
2020-12-05,1176,4617,1443,4347,13747.0,23172.0,797.0,6173,1550.0
2020-12-06,1181,4613,1458,4334,12297.0,23435.0,787.0,6169,1555.0
2020-12-07,1168,4201,1425,3941,12536.0,23892.0,752.0,5729,1646.0
2020-12-08,1181,4092,1451,3913,14597.0,24197.0,770.0,5728,1657.0
2020-12-09,1265,4634,1553,4346,14890.0,24612.0,881.0,6185,1758.0
2020-12-10,1229,4490,1528,4281,15065.0,24636.0,852.0,6185,1831.0
2020-12-11,1249,4472,1526,4290,15057.0,24747.0,859.0,6187,1671.0
2020-12-12,1234,4582,1517,4300,14870.0,24634.0,917.0,6188,1628.0
2020-12-13,1232,4521,1510,4305,13247.0,25074.0,909.0,6183,1555.0
2020-12-14,1242,4011,1493,3849,13404.0,25560.0,866.0,5719,1730.0
2020-12-15,1221,4116,1461,3877,15982.0,25812.0,860.0,5717,1832.0
2020-12-16,1266,4560,1530,4382,15394.0,25972.0,923.0,6198,1844.0
2020-12-17,1242,4579,1519,4295,15059.0,25894.0,1193.0,6194,1854.0
2020-12-18,1251,4484,1512,4309,15063.0,25950.0,958.0,6199,1963.0
2020-12-19,1240,4573,1496,4318,14993.0,25801.0,959.0,6197,1997.0
2020-12-20,1237,4571,1498,4308,13681.0,26057.0,959.0,6197,1790.0
2020-12-21,1216,4116,1462,3868,13997.0,26431.0,866.0,5703,2043.0
2020-12-22,1212,4210,1456,3908,16591.0,26730.0,882.0,5792,2094.0
2020-12-23,1267,4635,1538,4363,16277.0,26928.0,919.0,6189,2139.0
2020-12-24,1270,4457,1525,4294,15647.0,26714.0,913.0,6189,1914.0
2020-12-25,1247,4472,1504,4300,14365.0,26559.0,838.0,6191,1930.0
2020-12-26,1262,4543,1506,4302,13237.0,26734.0,821.0,6189,1731.0
2020-12-27,1269,4532,1517,4285,14987.0,27063.0,854.0,6187,1922.0
2020-12-28,1211,4104,1449,3864,14655.0,27519.0,829.0,5690,2168.0
2020-12-29,1079,4233,1293,4019,16430.0,27782.0,913.0,5692,2181.0
2020-12-30,1063,4843,1270,4635,16574.0,27697.0,975.0,6201,2171.0
2020-12-31,1089,4734,1274,4545,16561.0,27748.0,969.0,6204,2267.0
2021-01-01,1024,4742,1235,4529,15849.0,27471.0,935.0,6205,2143.0
2021-01-02,1056,4762,1268,4488,14964.0,27614.0,947.0,6205,2047.0
2021-01-03,1077,4745,1268,4552,15757.0,28006.0,949.0,6200,2119.0
2021-01-04,1077,4240,1251,4065,14899.0,28266.0,943.0,5697,2183.0
2021-01-05,1083,4229,1258,4051,17886.0,28528.0,956.0,5692,2369.0
2021-01-06,1114,4782,1308,4586,17457.0,28608.0,1089.0,6194,2372.0
2021-01-07,1106,4667,1306,4464,16840.0,28491.0,1034.0,6204,2361.0
2021-01-08,1084,4615,1288,4406,16765.0,28365.0,1081.0,6204,2340.0
2021-01-09,1091,4604,1294,4398,16567.0,28187.0,1073.0,6205,2183.0
2021-01-10,1095,4589,1296,4385,14330.0,28370.0,1175.0,6201,2163.0
2021-01-11,1075,4114,1260,3926,13996.0,28739.0,953.0,5705,2206.0
2021-01-12,1065,4120,1276,3905,16432.0,28891.0,971.0,5698,2308.0
2021-01-13,1098,4697,1314,4480,16222.0,28727.0,1012.0,6197,2380.0
2021-01-14,1089,4597,1288,4395,16033.0,28527.0,992.0,6198,2363.0
2021-01-15,1072,4599,1294,4375,16051.0,28422.0,1001.0,6199,2337.0
2021-01-16,1046,4544,1277,4399,15421.0,28120.0,974.0,6200,2240.0
2021-01-17,1063,4598,1275,4383,13251.0,27891.0,1040.0,6200,2156.0
2021-01-18,1017,4169,1238,3945,12839.0,27831.0,939.0,5695,2177.0
2021-01-19,996,4194,1218,3968,14331.0,27584.0,948.0,5703,2309.0
2021-01-20,1031,4746,1250,4521,13873.0,26998.0,996.0,6198,2190.0
2021-01-21,1005,4679,1238,4443,13679.0,26517.0,1038.0,6201,2261.0
2021-01-22,1012,4671,1223,4456,14000.0,26006.0,1090.0,6203,2109.0
2021-01-23,973,4684,1190,4459,13120.0,25364.0,984.0,6202,2063.0
2021-01-24,979,4695,1183,4486,11203.0,25121.0,996.0,6201,1845.0
2021-01-25,958,4178,1137,3995,10518.0,25003.0,1022.0,5697,1899.0
2021-01-26,942,4201,1127,4013,13050.0,24897.0,997.0,5696,1961.0
2021-01-27,960,4855,1137,4675,12278.0,24353.0,1043.0,6205,1970.0
2021-01-28,941,4773,1133,4580,12012.0,23786.0,1023.0,6208,1824.0
2021-01-29,927,4782,1120,4586,11033.0,23121.0,998.0,6208,1817.0
2021-01-30,909,4802,1110,4598,10890.0,22708.0,955.0,6208,1651.0
2021-01-31,900,4796,1091,4603,9386.0,22503.0,896.0,6208,1674.0
2021-02-01,888,4320,1066,4140,9118.0,22230.0,924.0,5701,1696.0
2021-02-02,861,4346,1055,4150,10482.0,21767.0,933.0,5701,1720.0
2021-02-03,888,4922,1067,4740,10410.0,21403.0,924.0,6205,1645.0
2021-02-04,875,4829,1071,4632,10459.0,20872.0,881.0,6206,1742.0
2021-02-05,881,4734,1067,4634,9973.0,20354.0,912.0,6206,1615.0
2021-02-06,861,4754,1047,4658,9634.0,19863.0,865.0,6203,1500.0
2021-02-07,860,4752,1034,4665,7935.0,19377.0,834.0,6202,1347.0
2021-02-08,843,4268,1019,4181,7461.0,19328.0,822.0,5701,1466.0
2021-02-09,821,4269,1001,4177,8904.0,18929.0,830.0,5698,1374.0
2021-02-10,853,4809,1028,4779,8519.0,18313.0,832.0,6200,1377.0
2021-02-11,849,4768,1014,4689,8192.0,17714.0,797.0,6204,1363.0
2021-02-12,848,4770,1021,4683,7769.0,17334.0,736.0,6204,1283.0
2021-02-13,824,4775,1028,4660,7420.0,16865.0,737.0,6201,1172.0
2021-02-14,814,4784,1004,4682,6387.0,16350.0,740.0,6201,1123.0
2021-02-15,836,4267,1004,4126,5773.0,16227.0,736.0,5694,1113.0
2021-02-16,823,4351,996,4176,6903.0,15921.0,712.0,5697,1051.0
2021-02-17,837,4968,1014,4788,7117.0,15579.0,731.0,6203,1134.0
2021-02-18,821,4862,986,4695,6773.0,15024.0,699.0,6206,1074.0
2021-02-19,817,4779,969,4716,6580.0,14492.0,701.0,6206,1078.0
2021-02-20,777,4923,946,4753,6592.0,14109.0,700.0,6204,936.0
2021-02-21,768,4837,936,4759,5694.0,13724.0,673.0,6202,895.0
2021-02-22,757,4360,928,4187,5632.0,13671.0,657.0,5695,955.0
2021-02-23,759,4323,922,4249,6657.0,13354.0,673.0,5693,907.0
2021-02-24,779,5023,933,4865,6469.0,12891.0,693.0,6202,918.0
2021-02-25,754,4929,922,4759,6127.0,12464.0,670.0,6201,898.0
2021-02-26,755,4834,941,4735,5637.0,12165.0,647.0,6202,826.0
2021-02-27,734,4947,928,4750,5456.0,11716.0,642.0,6202,752.0
2021-02-28,733,4851,917,4755,4868.0,11552.0,603.0,6199,772.0
2021-03-01,709,4403,893,4217,4534.0,11362.0,572.0,5629,735.0
2021-03-02,695,4322,880,4227,5319.0,11040.0,562.0,5630,671.0
2021-03-03,710,5029,905,4835,5284.0,10744.0,606.0,6139,704.0
2021-03-04,726,4863,915,4764,5284.0,10556.0,603.0,6204,682.0
2021-03-05,726,4964,906,4783,5203.0,10323.0,614.0,6204,673.0
2021-03-06,702,4976,883,4795,4949.0,10029.0,618.0,6202,564.0
2021-03-07,716,4962,886,4790,4242.0,9848.0,588.0,6201,570.0
2021-03-08,709,4471,865,4313,4229.0,9790.0,522.0,5699,624.0
2021-03-09,700,4384,860,4314,4989.0,9612.0,519.0,5692,635.0
2021-03-10,733,5081,881,4929,5060.0,9455.0,526.0,6205,607.0
2021-03-11,699,4982,850,4828,4839.0,9242.0,527.0,6206,567.0
2021-03-12,696,4982,858,4819,5113.0,9120.0,526.0,6206,567.0
2021-03-13,691,4892,850,4822,4621.0,8907.0,492.0,6205,495.0
2021-03-14,690,4888,851,4813,4023.0,8775.0,515.0,6203,475.0
2021-03-15,684,4480,836,4326,4104.0,8787.0,478.0,5689,461.0
2021-03-16,683,4467,837,4313,4895.0,8736.0,501.0,5684,505.0
2021-03-17,709,5091,877,4919,4830.0,8682.0,508.0,6200,486.0
2021-03-18,702,4972,859,4812,4817.0,8521.0,511.0,6204,541.0
2021-03-19,707,4969,852,4822,4797.0,8422.0,523.0,6204,560.0
2021-03-20,682,4990,833,4837,4787.0,8241.0,499.0,6204,487.0
2021-03-21,688,4982,827,4841,4024.0,8127.0,511.0,6202,482.0
2021-03-22,669,4491,801,4358,4130.0,8347.0,494.0,5693,528.0
2021-03-23,644,4355,781,4306,5175.0,8379.0,489.0,5691,455.0
2021-03-24,670,5068,806,4930,5076.0,8488.0,501.0,6201,473.0
2021-03-25,655,4890,795,4839,5168.0,8338.0,495.0,6203,502.0
2021-03-26,651,4893,786,4847,5067.0,8329.0,508.0,6202,555.0
2021-03-27,647,4893,772,4855,4959.0,8201.0,506.0,6200,430.0
2021-03-28,647,4895,784,4847,4563.0,8359.0,481.0,6200,387.0
2021-03-29,639,4401,778,4349,4426.0,8439.0,470.0,5683,447.0
2021-03-30,638,4390,766,4348,5346.0,8572.0,503.0,5676,435.0
2021-03-31,677,5090,818,4947,5162.0,8502.0,535.0,6200,397.0
2021-04-01,651,4909,785,4862,5266.0,8470.0,508.0,6202,495.0
2021-04-02,671,4901,804,4856,5244.0,8466.0,535.0,6202,476.0
2021-04-03,655,4905,787,4859,5201.0,8541.0,536.0,6201,403.0
2021-04-04,662,4889,790,4849,4705.0,8606.0,523.0,6198,404.0
2021-04-05,644,4484,775,4440,4780.0,8849.0,482.0,5770,375.0
2021-04-06,638,4487,761,4452,5946.0,9012.0,511.0,5767,480.0
2021-04-07,677,5002,796,4968,5710.0,9024.0,531.0,6196,448.0
2021-04-08,657,4890,797,4839,5636.0,9194.0,537.0,6201,595.0
2021-04-09,682,4862,803,4829,5671.0,9145.0,519.0,6201,420.0
2021-04-10,668,4877,802,4832,5506.0,9130.0,534.0,6200,474.0
2021-04-11,662,4879,801,4829,5123.0,9245.0,529.0,6199,442.0
2021-04-12,656,4405,777,4371,5019.0,9452.0,526.0,5701,486.0
2021-04-13,657,4367,778,4334,5826.0,9536.0,542.0,5685,498.0
2021-04-14,685,5001,800,4971,5684.0,9581.0,580.0,6202,534.0
2021-04-15,672,4884,802,4843,5666.0,9476.0,546.0,6205,509.0
2021-04-16,671,4875,799,4835,5855.0,9530.0,574.0,6205,517.0
2021-04-17,651,4889,801,4825,5761.0,9551.0,586.0,6204,390.0
2021-04-18,646,4891,789,4835,5135.0,9632.0,572.0,6202,458.0
2021-04-19,645,4377,770,4338,4995.0,9828.0,572.0,5676,499.0
2021-04-20,647,4372,775,4332,5711.0,9918.0,568.0,5672,537.0
2021-04-21,687,5002,819,4957,5525.0,9916.0,568.0,6199,527.0
2021-04-22,660,4893,800,4840,5339.0,9842.0,561.0,6201,508.0
2021-04-23,670,4888,796,4848,5168.0,9705.0,563.0,6202,571.0
2021-04-24,654,4887,796,4834,4980.0,9572.0,544.0,6201,459.0
2021-04-25,641,4899,790,4839,4470.0,9546.0,547.0,6201,420.0
2021-04-26,656,4366,780,4330,4400.0,9759.0,529.0,5676,521.0
2021-04-27,640,4377,778,4328,5209.0,9665.0,540.0,5681,449.0
2021-04-28,664,5006,811,4943,4935.0,9535.0,593.0,6207,460.0
2021-04-29,659,4882,799,4830,4892.0,9371.0,564.0,6210,461.0
2021-04-30,656,4894,797,4840,4959.0,9242.0,566.0,6212,437.0
2021-05-01,654,4895,792,4843,4453.0,9105.0,527.0,6211,384.0
2021-05-02,643,4900,793,4837,4002.0,9075.0,518.0,6209,407.0
2021-05-03,643,4371,771,4330,4190.0,9209.0,509.0,5682,407.0
2021-05-04,650,4382,776,4341,4706.0,9180.0,515.0,5684,426.0
2021-05-05,677,5009,811,4959,4460.0,8951.0,554.0,6209,388.0
2021-05-06,667,4838,811,4780,4294.0,8833.0,530.0,6211,392.0
2021-05-07,651,4855,792,4801,4295.0,8646.0,503.0,6212,400.0
2021-05-08,646,4851,783,4801,4082.0,8468.0,524.0,6208,429.0
2021-05-09,659,4853,793,4807,3412.0,8359.0,521.0,6203,392.0
2021-05-10,628,4364,757,4322,3495.0,8341.0,491.0,5668,379.0
2021-05-11,608,4385,745,4331,3998.0,8298.0,482.0,5660,408.0
2021-05-12,678,4976,805,4933,3861.0,8114.0,525.0,6192,362.0
2021-05-13,660,4865,793,4820,3674.0,7917.0,477.0,6197,399.0
2021-05-14,656,4872,782,4835,3676.0,7628.0,457.0,6198,346.0
2021-05-15,660,4868,785,4831,3434.0,7409.0,453.0,6196,382.0
2021-05-16,652,4874,788,4824,2945.0,7270.0,457.0,6197,339.0
2021-05-17,643,4363,769,4325,2951.0,7299.0,418.0,5669,341.0
2021-05-18,645,4357,763,4326,3481.0,7163.0,457.0,5667,386.0
2021-05-19,671,4983,809,4931,3462.0,7056.0,493.0,6197,361.0
2021-05-20,646,4880,796,4815,3169.0,6841.0,451.0,6201,346.0
2021-05-21,651,4887,799,4826,3211.0,6664.0,455.0,6202,353.0
2021-05-22,642,4883,793,4819,3138.0,6472.0,431.0,6202,308.0
2021-05-23,634,4883,786,4818,2766.0,6412.0,430.0,6200,305.0
2021-05-24,615,4410,767,4345,2750.0,6419.0,389.0,5674,278.0
2021-05-25,616,4398,773,4325,3130.0,6311.0,424.0,5667,290.0
2021-05-26,635,5015,799,4933,2965.0,6138.0,432.0,6191,310.0
2021-05-27,642,4898,806,4820,2950.0,6000.0,432.0,6193,325.0
2021-05-28,647,4886,800,4822,2758.0,5778.0,443.0,6192,274.0
2021-05-29,628,4901,781,4836,2522.0,5606.0,398.0,6193,263.0
2021-05-30,634,4893,788,4827,2229.0,5525.0,395.0,6193,288.0
2021-05-31,598,4412,750,4346,2144.0,5542.0,374.0,5668,259.0
2021-06-01,602,4407,758,4339,2220.0,5489.0,367.0,5664,256.0
2021-06-02,651,5010,795,4954,2573.0,5322.0,363.0,6201,345.0
2021-06-03,621,4930,780,4859,2403.0,5175.0,359.0,6202,251.0
2021-06-04,614,4932,775,4859,2362.0,4995.0,328.0,6205,230.0
2021-06-05,607,4921,766,4850,2186.0,4768.0,333.0,6202,235.0
2021-06-06,608,4914,767,4843,1896.0,4677.0,331.0,6202,211.0
2021-06-07,594,4418,746,4352,1871.0,4685.0,298.0,5671,212.0
2021-06-08,606,4410,752,4351,2264.0,4608.0,315.0,5669,225.0
2021-06-09,626,5033,781,4960,2161.0,4478.0,320.0,6200,226.0
2021-06-10,612,4936,779,4856,2151.0,4383.0,333.0,6206,250.0
2021-06-11,599,4943,762,4869,2180.0,4300.0,305.0,6207,237.0
2021-06-12,598,4937,760,4864,1964.0,4186.0,290.0,6208,187.0
2021-06-13,602,4925,759,4856,1790.0,4049.0,343.0,6205,236.0
2021-06-14,589,4419,740,4355,1755.0,4068.0,304.0,5663,183.0
2021-06-15,591,4284,704,4261,1955.0,3939.0,311.0,5660,180.0
2021-06-16,614,4900,726,4873,1987.0,3879.0,333.0,6173,196.0
2021-06-17,606,4791,722,4759,1901.0,3806.0,284.0,6176,188.0
2021-06-18,622,4727,731,4705,1927.0,3739.0,296.0,6172,194.0
2021-06-19,600,4738,713,4711,1779.0,3673.0,302.0,6174,181.0
2021-06-20,608,4733,710,4720,1582.0,3663.0,359.0,6174,156.0
2021-06-21,597,4207,702,4187,1617.0,3708.0,282.0,5621,183.0
2021-06-22,589,4231,701,4205,1975.0,3744.0,309.0,5640,205.0
2021-06-23,634,4872,747,4844,1901.0,3700.0,317.0,6189,180.0
2021-06-24,621,4785,740,4752,1905.0,3636.0,294.0,6199,176.0
2021-06-25,637,4769,743,4749,1844.0,3617.0,314.0,6201,197.0
2021-06-26,607,4777,721,4749,1893.0,3562.0,315.0,6201,189.0
2021-06-27,600,4781,723,4743,1746.0,3525.0,301.0,6201,160.0
2021-06-28,580,4190,691,4167,1775.0,3617.0,274.0,5558,440.0
2021-06-29,580,4181,700,4149,2053.0,3676.0,276.0,5545,162.0
2021-06-30,625,4891,732,4871,2101.0,3673.0,268.0,6193,174.0
2021-07-01,614,4790,726,4763,2039.0,3614.0,259.0,6201,186.0
2021-07-02,616,4776,736,4741,2294.0,4027.0,300.0,6204,201.0
2021-07-03,608,4774,725,4742,2068.0,3753.0,259.0,6203,184.0
2021-07-04,591,4785,708,4753,1875.0,3777.0,257.0,6200,187.0
2021-07-05,567,4186,672,4169,1952.0,3883.0,248.0,5554,188.0
2021-07-06,568,4196,683,4167,2266.0,3980.0,273.0,5546,187.0
2021-07-07,622,4912,735,4884,2590.0,4132.0,310.0,6201,183.0
2021-07-08,614,4789,717,4772,2638.0,4297.0,310.0,6202,188.0
2021-07-09,627,4760,725,4748,2717.0,4369.0,305.0,6202,178.0
2021-07-10,615,4774,723,4753,2737.0,4442.0,294.0,6203,201.0
2021-07-11,606,4776,710,4760,2546.0,4637.0,291.0,6204,173.0
2021-07-12,591,4163,699,4141,2743.0,4883.0,283.0,5542,211.0
2021-07-13,606,4150,715,4126,3264.0,5072.0,307.0,5540,220.0
2021-07-14,628,4901,743,4872,3203.0,5255.0,312.0,6202,224.0
2021-07-15,626,4775,739,4749,3428.0,5474.0,333.0,6198,220.0
2021-07-16,639,4758,745,4739,3642.0,5785.0,346.0,6198,225.0
2021-07-17,613,4757,705,4752,3695.0,5994.0,368.0,6194,246.0
2021-07-18,604,4774,712,4753,3511.0,6272.0,371.0,6194,256.0
2021-07-19,616,4132,709,4127,3876.0,6717.0,391.0,5531,236.0
2021-07-20,614,4127,720,4108,4624.0,7115.0,424.0,5530,230.0
2021-07-21,659,4842,771,4820,4637.0,7408.0,465.0,6198,272.0
2021-07-22,652,4739,768,4710,5151.0,7687.0,488.0,6201,287.0
2021-07-23,661,4688,779,4657,5241.0,8097.0,521.0,6203,279.0
2021-07-24,640,4753,752,4730,5452.0,8419.0,547.0,6203,350.0
2021-07-25,664,4722,773,4703,5230.0,8867.0,545.0,6201,329.0
2021-07-26,675,4174,783,4155,5699.0,9448.0,551.0,5659,330.0
2021-07-27,570,3872,669,3862,6673.0,9994.0,598.0,5655,384.0
2021-07-28,620,4476,714,4467,6889.0,10376.0,664.0,6199,406.0
2021-07-29,625,4312,714,4312,7040.0,10919.0,704.0,6203,382.0
2021-07-30,642,4265,711,4285,7796.0,11463.0,742.0,6203,439.0
2021-07-31,609,4303,683,4317,7821.0,12109.0,790.0,6203,447.0
2021-08-01,606,4311,686,4367,7212.0,12698.0,774.0,6202,482.0
2021-08-02,612,3871,690,3882,7694.0,13481.0,800.0,5655,522.0
2021-08-03,633,3843,721,3843,9193.0,14052.0,812.0,5651,553.0
2021-08-04,670,4436,760,4434,9268.0,14632.0,894.0,6204,579.0
2021-08-05,656,4340,755,4329,9576.0,15193.0,983.0,6212,614.0
2021-08-06,678,4308,760,4314,9955.0,15732.0,1015.0,6213,641.0
2021-08-07,655,4330,736,4337,9972.0,16164.0,1018.0,6212,747.0
2021-08-08,686,4371,742,4318,9579.0,16784.0,1043.0,6212,707.0
2021-08-09,693,3829,770,3840,9854.0,17707.0,1081.0,5667,795.0
2021-08-10,713,3892,784,3820,11258.0,18264.0,1123.0,5658,835.0
2021-08-11,764,4409,842,4325,11389.0,19013.0,1210.0,6209,890.0
2021-08-12,734,4259,832,4248,11654.0,19537.0,1280.0,6206,945.0
2021-08-13,742,4251,845,4236,11704.0,20076.0,1260.0,6209,939.0
2021-08-14,707,4279,803,4269,11488.0,20401.0,1213.0,6207,1035.0
2021-08-15,718,4272,814,4261,10447.0,21077.0,1212.0,6209,997.0
2021-08-16,740,3773,817,3782,10885.0,21673.0,1233.0,5654,1027.0
2021-08-17,747,3755,826,3761,12494.0,22303.0,1279.0,5661,1130.0
2021-08-18,815,4341,895,4256,12524.0,22693.0,1395.0,6207,1179.0
2021-08-19,807,4261,878,4185,12480.0,23034.0,1405.0,6209,1228.0
2021-08-20,827,4245,903,4164,12350.0,23399.0,1397.0,6211,1250.0
2021-08-21,781,4202,881,4186,12139.0,23653.0,1350.0,6211,1240.0
2021-08-22,793,4254,865,4181,11389.0,24082.0,1406.0,6208,1274.0
2021-08-23,835,3717,899,3648,11345.0,24559.0,1416.0,5663,1279.0
2021-08-24,843,3703,913,3630,12752.0,25053.0,1450.0,5659,1346.0
2021-08-25,897,4265,972,4186,12394.0,25062.0,1506.0,6209,1415.0
2021-08-26,905,4166,993,4075,12699.0,25249.0,1508.0,6211,1367.0
2021-08-27,916,4141,985,4069,12452.0,25365.0,1498.0,6212,1423.0
2021-08-28,902,4175,961,4113,11954.0,25435.0,1512.0,6213,1436.0
2021-08-29,904,4166,956,4110,10926.0,25781.0,1533.0,6210,1369.0
2021-08-30,915,3674,977,3608,11080.0,25919.0,1491.0,5653,1431.0
2021-08-31,903,3684,990,3595,12600.0,25904.0,1534.0,5653,1496.0
2021-09-01,948,4227,1023,4148,12682.0,25963.0,1648.0,6206,1547.0
2021-09-02,943,4155,1023,4072,12452.0,26045.0,1638.0,6210,1581.0
2021-09-03,956,4131,1029,4052,11719.0,25961.0,1623.0,6212,1494.0
2021-09-04,927,4136,989,4069,11786.0,25609.0,1648.0,6210,1491.0
2021-09-05,905,4152,971,4083,10793.0,25630.0,1632.0,6207,1533.0
2021-09-06,886,3675,964,3592,10724.0,25801.0,1594.0,5649,1491.0
2021-09-07,933,3651,1013,3565,11131.0,26099.0,1562.0,5649,1549.0
2021-09-08,1008,4155,1086,4069,12078.0,25998.0,1654.0,6206,1514.0
2021-09-09,981,4107,1067,4014,11948.0,25925.0,1626.0,6208,1508.0
2021-09-10,1013,4075,1079,4005,11449.0,25747.0,1634.0,6209,1689.0
2021-09-11,964,4104,1035,4031,10949.0,25326.0,1549.0,6209,1701.0
2021-09-12,957,4097,1025,4026,9845.0,25292.0,1518.0,6209,1559.0
2021-09-13,966,3619,1009,3568,9911.0,25514.0,1450.0,5661,1579.0
2021-09-14,963,3614,1024,3549,10858.0,25218.0,1479.0,5657,1634.0
2021-09-15,1023,4118,1097,4039,10558.0,24877.0,1499.0,6218,1585.0
2021-09-16,1010,4066,1058,4012,10558.0,24734.0,1492.0,6220,1602.0
2021-09-17,993,4077,1064,4001,10026.0,24435.0,1465.0,6220,1493.0
2021-09-18,960,4093,1033,4015,9601.0,23978.0,1436.0,6219,1505.0
2021-09-19,940,4115,1019,4030,8514.0,23779.0,1428.0,6218,1393.0
2021-09-20,969,3572,1029,3508,8394.0,23686.0,1417.0,5663,1545.0
2021-09-21,970,3581,1057,3490,9553.0,23536.0,1374.0,5660,1503.0
2021-09-22,1026,4131,1118,4033,9363.0,23127.0,1363.0,6217,1487.0
2021-09-23,971,4095,1075,3985,8969.0,22585.0,1367.0,6216,1456.0
2021-09-24,985,4080,1079,3980,8677.0,22185.0,1356.0,6216,1388.0
2021-09-25,957,4107,1057,3999,8193.0,21727.0,1326.0,6216,1406.0
2021-09-26,957,4110,1045,4017,7260.0,21543.0,1305.0,6215,1239.0
2021-09-27,978,3622,1062,3533,7115.0,21256.0,1262.0,5664,1411.0
2021-09-28,959,3645,1053,3544,8326.0,20882.0,1224.0,5666,1333.0
2021-09-29,1005,4168,1106,4056,7956.0,20400.0,1238.0,6215,1341.0
2021-09-30,982,4107,1081,4000,7715.0,19802.0,1202.0,6217,1346.0
2021-10-01,997,4081,1084,3987,7587.0,19272.0,1185.0,6214,1186.0
2021-10-02,947,4126,1033,4035,7101.0,18942.0,1141.0,6215,1175.0
2021-10-03,944,4122,1028,4031,6308.0,18770.0,1142.0,6210,1164.0
2021-10-04,968,3638,1048,3548,6300.0,18674.0,1130.0,5665,1250.0
2021-10-05,944,3638,1033,3543,7375.0,18261.0,1138.0,5662,1095.0
2021-10-06,989,4160,1088,4055,7410.0,17911.0,1109.0,6210,1101.0
2021-10-07,967,4105,1058,4009,7185.0,17482.0,1045.0,6211,1215.0
2021-10-08,973,4087,1062,3991,6912.0,17010.0,984.0,6211,1169.0
2021-10-09,956,4108,1037,4024,6681.0,17374.0,923.0,6212,1065.0
2021-10-10,948,4110,1038,4016,5910.0,17888.0,916.0,6209,947.0
2021-10-11,967,3614,1044,3534,5793.0,17902.0,911.0,5653,969.0
2021-10-12,962,3621,1053,3526,6731.0,17755.0,927.0,5653,971.0
2021-10-13,1001,4111,1101,4009,6581.0,17534.0,960.0,6212,954.0
2021-10-14,1018,4055,1109,3964,6369.0,17069.0,925.0,6215,914.0
2021-10-15,976,4095,1066,4005,6380.0,16724.0,871.0,6216,983.0
2021-10-16,957,4111,1042,4025,6045.0,16201.0,855.0,6216,1100.0
2021-10-17,949,4118,1039,4028,5260.0,16038.0,792.0,6214,952.0
2021-10-18,934,3638,1029,3541,5210.0,16213.0,764.0,5640,850.0
2021-10-19,952,3617,1046,3520,5966.0,15980.0,774.0,5634,918.0
2021-10-20,1015,4176,1109,4079,5775.0,15678.0,796.0,6209,935.0
2021-10-21,983,4105,1069,4016,5792.0,15312.0,814.0,6214,899.0
2021-10-22,1014,4072,1102,3982,5591.0,15078.0,811.0,6215,824.0
2021-10-23,977,4113,1070,4019,5397.0,14681.0,796.0,6215,850.0
2021-10-24,979,4115,1064,4027,4703.0,14445.0,777.0,6214,743.0
2021-10-25,973,3628,1052,3546,4816.0,14612.0,770.0,5647,805.0
2021-10-26,961,3630,1057,3531,5383.0,14543.0,747.0,5638,753.0
2021-10-27,992,4161,1094,4057,5374.0,14398.0,786.0,6207,816.0
2021-10-28,981,4117,1076,4020,5238.0,14100.0,780.0,6214,760.0
2021-10-29,997,4103,1074,4023,5257.0,12455.0,787.0,6214,795.0
2021-10-30,985,4085,1068,4000,5135.0,12152.0,760.0,6214,743.0
2021-10-31,978,4094,1066,4003,4436.0,12092.0,721.0,6213,730.0
2021-11-01,946,3635,1031,3545,4303.0,12108.0,685.0,5639,646.0
2021-11-02,947,3627,1032,3538,5257.0,11947.0,685.0,5640,730.0
2021-11-03,971,4180,1063,4084,5206.0,11766.0,712.0,6209,683.0
2021-11-04,951,4134,1052,4030,5145.0,11555.0,685.0,6211,677.0
2021-11-05,966,4111,1050,4022,5150.0,11341.0,667.0,6211,648.0
2021-11-06,924,4136,1025,4033,5040.0,11231.0,655.0,6212,631.0
2021-11-07,910,4142,1005,4044,4618.0,11210.0,622.0,6211,679.0
2021-11-08,916,3652,1005,3559,4774.0,11332.0,622.0,5639,742.0
2021-11-09,930,3643,1028,3539,5597.0,11356.0,649.0,5635,672.0
2021-11-10,970,4217,1086,4092,5429.0,11289.0,670.0,6208,705.0
2021-11-11,937,4144,1054,4017,5421.0,11280.0,654.0,6209,705.0
2021-11-12,957,4116,1057,4008,5457.0,11271.0,673.0,6209,759.0
2021-11-13,933,4133,1045,4016,5464.0,11296.0,659.0,6212,635.0
2021-11-14,902,4168,1012,4052,4932.0,11264.0,613.0,6213,628.0
2021-11-15,918,3656,1009,3558,5107.0,11534.0,590.0,5642,600.0
2021-11-16,952,3638,1042,3539,6238.0,11600.0,647.0,5646,687.0
2021-11-17,982,4200,1081,4092,6080.0,11664.0,677.0,6212,818.0
2021-11-18,980,4099,1082,3989,6234.0,11792.0,674.0,6216,759.0
2021-11-19,987,4092,1092,3977,5873.0,11823.0,668.0,6217,750.0
2021-11-20,941,4119,1055,3995,5854.0,11785.0,646.0,6218,686.0
2021-11-21,932,4122,1051,3991,5336.0,11973.0,636.0,6218,683.0
2021-11-22,957,3631,1061,3518,5820.0,12296.0,654.0,5645,733.0
2021-11-23,958,3629,1067,3511,6845.0,12329.0,680.0,5647,827.0
2021-11-24,998,4172,1118,4040,6536.0,12448.0,703.0,6125,809.0
2021-11-25,951,4085,1059,3968,6350.0,12471.0,637.0,6126,717.0
2021-11-26,960,4076,1056,3972,5603.0,12654.0,594.0,6128,690.0
2021-11-27,944,4085,1055,3966,6665.0,12849.0,623.0,6128,780.0
2021-11-28,956,4064,1058,3956,5967.0,13105.0,637.0,6119,902.0
2021-11-29,968,3605,1060,3497,6355.0,13379.0,667.0,5647,820.0
2021-11-30,963,3608,1047,3506,7399.0,13545.0,684.0,5644,861.0
2021-12-01,1013,4172,1108,4065,7284.0,13671.0,726.0,6213,1004.0
2021-12-02,1002,4081,1098,3971,7130.0,13772.0,765.0,6216,901.0
2021-12-03,981,4097,1087,3977,7613.0,13888.0,804.0,6216,911.0
2021-12-04,954,4110,1056,3991,7431.0,13942.0,775.0,6216,770.0
2021-12-05,966,4099,1063,3986,6706.0,14149.0,796.0,6215,864.0
2021-12-06,964,3620,1064,3506,6887.0,14455.0,760.0,5644,894.0
2021-12-07,980,3587,1072,3481,8311.0,14771.0,817.0,5632,917.0
2021-12-08,1011,4168,1109,4052,8155.0,14901.0,828.0,6209,949.0
2021-12-09,1010,4059,1103,3954,8188.0,14992.0,866.0,6211,1000.0
2021-12-10,1012,4066,1097,3971,8176.0,15236.0,876.0,6214,1048.0
2021-12-11,981,4079,1084,3963,7822.0,15326.0,848.0,6213,942.0
2021-12-12,976,4077,1076,3964,7113.0,15595.0,813.0,6212,879.0
2021-12-13,977,3586,1074,3477,6732.0,15914.0,791.0,5639,1080.0
2021-12-14,987,3574,1081,3468,8076.0,15993.0,763.0,5630,1016.0
2021-12-15,1058,4121,1160,4005,7976.0,15896.0,873.0,6204,1076.0
2021-12-16,1040,4039,1137,3934,8009.0,15909.0,907.0,6207,1097.0
2021-12-17,1045,4041,1139,3936,8119.0,15941.0,932.0,6211,1163.0
2021-12-18,1030,4048,1122,3944,7777.0,15906.0,956.0,6212,1068.0
2021-12-19,1015,4064,1119,3948,7199.0,15983.0,962.0,6213,1008.0
2021-12-20,1016,3576,1122,3462,7283.0,16210.0,938.0,5641,1026.0
2021-12-21,1006,3569,1133,3429,8677.0,16148.0,989.0,5638,1120.0
2021-12-22,1050,4107,1186,3961,9009.0,16251.0,1113.0,6188,1297.0
2021-12-23,1048,4018,1168,3887,9366.0,16187.0,1183.0,6192,1227.0
2021-12-24,1016,4047,1121,3928,9314.0,16240.0,1197.0,6197,1071.0
2021-12-25,986,4047,1101,3927,8929.0,16356.0,1179.0,6198,1109.0
2021-12-26,998,4055,1119,3921,9293.0,16590.0,1240.0,6196,943.0
2021-12-27,1023,3551,1121,3444,10565.0,17075.0,1444.0,5634,1146.0
2021-12-28,1042,3523,1133,3423,13451.0,17274.0,1698.0,5631,1191.0
2021-12-29,1085,4073,1203,3944,14758.0,17830.0,2082.0,6205,1306.0
2021-12-30,1089,3985,1201,3866,15331.0,18158.0,2270.0,6205,1236.0
2021-12-31,1063,4006,1181,3880,16019.0,18382.0,2387.0,6205,1282.0
2022-01-01,1056,3990,1171,3870,15110.0,18863.0,2456.0,6205,1196.0
2022-01-02,1069,3980,1191,3848,15298.0,19606.0,2644.0,6205,1123.0
2022-01-03,1093,3468,1216,3338,16046.0,20341.0,2696.0,5626,1326.0
2022-01-04,1103,3469,1217,3344,18770.0,21040.0,2953.0,5623,1324.0
2022-01-05,1178,4004,1294,3881,20107.0,21529.0,3269.0,6213,1475.0
2022-01-06,1162,3916,1290,3782,20560.0,22134.0,3414.0,6214,1505.0
2022-01-07,1181,3886,1325,3738,20921.0,22862.0,3564.0,6213,1539.0
2022-01-08,1099,3939,1300,3735,20474.0,23139.0,3501.0,6213,1473.0
2022-01-09,1091,3948,1305,3728,18698.0,23789.0,3457.0,6211,1487.0
2022-01-10,991,3398,1360,3173,18783.0,24487.0,3421.0,5632,1392.0
2022-01-11,986,3396,1341,3195,21468.0,25081.0,3613.0,5629,1453.0
2022-01-12,1012,3970,1447,3731,22425.0,25328.0,3883.0,6211,1623.0
2022-01-13,1015,3844,1411,3638,22078.0,25558.0,4009.0,6214,1533.0
2022-01-14,1003,3857,1430,3615,22451.0,25734.0,3979.0,6215,1558.0
2022-01-15,953,3880,1371,3659,21459.0,25802.0,3945.0,6215,1492.0
2022-01-16,957,3872,1371,3654,18056.0,25867.0,3792.0,6213,1526.0
2022-01-17,972,3409,1365,3164,17241.0,26077.0,3615.0,5644,1617.0
2022-01-18,956,3403,1335,3219,20704.0,26372.0,3826.0,5631,1476.0
2022-01-19,784,3854,1422,3759,21417.0,26458.0,4070.0,6207,1324.0
2022-01-20,790,3621,1339,3582,20912.0,26283.0,4036.0,6208,1313.0
2022-01-21,808,3595,1362,3524,20250.0,26023.0,4005.0,6209,1320.0
2022-01-22,756,3635,1306,3561,18829.0,25679.0,3914.0,6206,1282.0
2022-01-23,757,3630,1304,3558,16359.0,25528.0,3752.0,6208,1247.0
2022-01-24,761,3157,1290,3082,16178.0,25562.0,3508.0,5630,1311.0
2022-01-25,765,3152,1288,3081,19344.0,25311.0,3638.0,5629,1313.0
2022-01-26,721,3734,1400,3768,18681.0,25073.0,3785.0,6211,1238.0
2022-01-27,711,3582,1336,3571,17642.0,24470.0,3654.0,6213,1301.0
2022-01-28,681,3549,1314,3605,17136.0,24021.0,3584.0,6214,1200.0
2022-01-29,644,3593,1235,3664,16050.0,23432.0,3347.0,6212,1137.0
2022-01-30,635,3588,1247,3648,13196.0,23196.0,3219.0,6195,1057.0
2022-01-31,630,3065,1252,3149,12631.0,22909.0,3028.0,5635,1085.0
2022-02-01,525,2896,1207,3158,15290.0,22670.0,2920.0,5635,1051.0
2022-02-02,459,3426,1305,3830,14603.0,21913.0,3030.0,6214,1021.0
2022-02-03,462,3280,1221,3658,13583.0,21330.0,2891.0,6217,1047.0
2022-02-04,464,3228,1216,3651,12083.0,20576.0,2757.0,6213,926.0
2022-02-05,448,3324,1165,3737,11692.0,19642.0,2602.0,6215,901.0
2022-02-06,443,3321,1152,3694,10039.0,19280.0,2439.0,6208,863.0
2022-02-07,431,2846,1151,3252,9392.0,18979.0,2260.0,5638,836.0
2022-02-08,415,2782,1123,3226,11157.0,18351.0,2242.0,5627,796.0
2022-02-09,437,3294,1232,3862,10678.0,17716.0,2270.0,6206,809.0
2022-02-10,429,3232,1144,3726,9995.0,17044.0,2200.0,6209,725.0
2022-02-11,432,3223,1146,3772,9403.0,16121.0,2100.0,6216,813.0
2022-02-12,407,3279,1064,3787,8733.0,15437.0,1942.0,6212,736.0
2022-02-13,411,3285,1072,3783,6935.0,14886.0,1842.0,6202,703.0
2022-02-14,390,2802,1069,3280,6347.0,14391.0,1752.0,5614,667.0
2022-02-15,403,2764,1071,3285,7508.0,13814.0,1689.0,5626,648.0
2022-02-16,407,3391,1163,3945,7392.0,13145.0,1688.0,6208,585.0
2022-02-17,404,3312,1095,3813,7006.0,12545.0,1641.0,6212,842.0
2022-02-18,408,3305,1092,3828,6417.0,11927.0,1609.0,6214,539.0
2022-02-19,370,3395,1026,3934,5783.0,11237.0,1550.0,6214,496.0
2022-02-20,363,3415,1038,3907,4732.0,10777.0,1458.0,6202,488.0
2022-02-21,361,2917,1018,3438,4423.0,10453.0,1378.0,5624,458.0
2022-02-22,361,2868,1010,3388,5376.0,10174.0,1375.0,5619,458.0
2022-02-23,358,3342,1092,3999,5247.0,9622.0,1357.0,6211,474.0
2022-02-24,377,3337,1041,3880,4783.0,9113.0,1274.0,6213,414.0
2022-02-25,371,3307,1030,3838,4545.0,8605.0,1249.0,6214,383.0
2022-02-26,354,3329,993,3850,4179.0,7998.0,1161.0,6211,355.0
2022-02-27,351,3335,985,3864,3361.0,7595.0,1098.0,6201,322.0
2022-02-28,340,2826,964,3370,3184.0,7358.0,1030.0,5606,318.0
2022-03-01,338,2810,957,3382,3897.0,7148.0,1001.0,5603,343.0
2022-03-02,351,3315,1062,4006,3839.0,6797.0,1017.0,6201,324.0
2022-03-03,345,3302,998,3852,3527.0,6488.0,992.0,6204,316.0
2022-03-04,343,3293,985,3886,3301.0,6039.0,968.0,6208,250.0
2022-03-05,314,3365,937,3917,3062.0,5681.0,948.0,6204,280.0
2022-03-06,325,3351,928,3909,2501.0,5492.0,948.0,6204,249.0
2022-03-07,318,2844,948,3383,2333.0,5345.0,868.0,5613,241.0
2022-03-08,321,2834,930,3388,2697.0,4988.0,841.0,5604,230.0
2022-03-09,325,3349,992,4080,2657.0,4743.0,810.0,6197,234.0
2022-03-10,315,3310,934,3911,2554.0,4440.0,794.0,6206,227.0
2022-03-11,317,3307,951,3941,2492.0,4174.0,743.0,6206,180.0
2022-03-12,309,3338,896,3935,2328.0,3882.0,697.0,6204,200.0
2022-03-13,304,3387,882,3988,1786.0,3777.0,654.0,6205,151.0
2022-03-14,289,2854,875,3466,1649.0,3681.0,614.0,5616,155.0
2022-03-15,291,2852,876,3450,2206.0,3504.0,629.0,5613,192.0
2022-03-16,307,3351,982,4078,2120.0,3453.0,623.0,6205,160.0
2022-03-17,312,3293,911,3934,2006.0,3296.0,607.0,6210,173.0
2022-03-18,306,3374,900,3965,1938.0,3129.0,584.0,6210,180.0
2022-03-19,298,3342,880,3971,1783.0,3040.0,592.0,6209,159.0
2022-03-20,301,3357,875,3958,1479.0,2937.0,558.0,6208,144.0
2022-03-21,281,2853,863,3459,1385.0,2869.0,533.0,5599,140.0
2022-03-22,285,2842,859,3441,1747.0,2738.0,520.0,5594,166.0
2022-03-23,292,3349,944,4108,1796.0,2593.0,544.0,6201,142.0
2022-03-24,301,3322,876,3966,1640.0,2499.0,522.0,6206,180.0
2022-03-25,294,3317,891,3942,1622.0,2314.0,509.0,6202,158.0
2022-03-26,281,3359,835,3986,1666.0,2214.0,489.0,6207,122.0
2022-03-27,286,3346,855,4017,1346.0,2170.0,476.0,6205,96.0
2022-03-28,275,2846,841,3475,1202.0,2134.0,459.0,5594,107.0
2022-03-29,281,2827,832,3456,1462.0,2091.0,455.0,5579,92.0
2022-03-30,299,3332,938,4099,1464.0,2026.0,466.0,6202,103.0
2022-03-31,305,3313,889,3956,1442.0,1949.0,488.0,6203,110.0
2022-04-01,313,3295,878,3967,1424.0,1862.0,485.0,6205,114.0
2022-04-02,298,3330,855,4015,1391.0,1802.0,435.0,6209,97.0
2022-04-03,293,3333,830,3998,1121.0,1794.0,431.0,6206,84.0
2022-04-04,279,2815,838,3460,1175.0,1764.0,432.0,5583,83.0
2022-04-05,285,2815,839,3453,1420.0,1713.0,430.0,5583,84.0
2022-04-06,295,3334,936,4105,1425.0,1705.0,443.0,6200,79.0
2022-04-07,300,3287,872,3955,1471.0,1723.0,445.0,6207,107.0
2022-04-08,303,3292,882,3954,1505.0,1682.0,426.0,6205,88.0
2022-04-09,279,3338,828,3984,1369.0,1590.0,406.0,6202,75.0
2022-04-10,286,3361,826,3982,1247.0,1534.0,403.0,6200,161.0
2022-04-11,282,2810,840,3452,1207.0,1568.0,395.0,5581,96.0
2022-04-12,280,2801,841,3457,1516.0,1527.0,426.0,5577,143.0
2022-04-13,299,3321,919,4121,1506.0,1522.0,448.0,6201,75.0
2022-04-14,302,3288,876,3965,1536.0,1548.0,444.0,6197,81.0
2022-04-15,292,3302,862,3992,1626.0,1529.0,424.0,6194,79.0
2022-04-16,280,3338,831,4009,1485.0,1457.0,419.0,6185,79.0
2022-04-17,282,3340,823,4013,1280.0,1432.0,426.0,6188,150.0
2022-04-18,290,2802,839,3450,1396.0,1450.0,406.0,5570,91.0
2022-04-19,286,2798,842,3463,1700.0,1485.0,409.0,5578,84.0
2022-04-20,303,3312,918,4107,1797.0,1445.0,457.0,6193,92.0
2022-04-21,303,3271,884,3966,1806.0,1486.0,450.0,6196,80.0
2022-04-22,285,3286,865,3980,1889.0,1489.0,426.0,6198,80.0
2022-04-23,284,3331,833,3994,1871.0,1453.0,429.0,6198,70.0
2022-04-24,283,3344,819,4012,1608.0,1446.0,426.0,6198,72.0
2022-04-25,282,2820,833,3476,1679.0,1507.0,434.0,5584,75.0
2022-04-26,280,2825,824,3505,2078.0,1582.0,468.0,5577,125.0
2022-04-27,292,3331,901,4118,2297.0,1584.0,474.0,6196,103.0
2022-04-28,283,3312,851,3990,2184.0,1592.0,499.0,6199,108.0
2022-04-29,289,3284,859,3983,2206.0,1623.0,521.0,6197,106.0
2022-04-30,298,3329,831,4006,2242.0,1580.0,472.0,6196,91.0
2022-05-01,286,3336,820,4012,2018.0,1576.0,482.0,6194,81.0
2022-05-02,275,2821,814,3497,2023.0,1660.0,521.0,5575,125.0
2022-05-03,278,2804,825,3465,2504.0,1692.0,565.0,5567,103.0
2022-05-04,292,3324,907,4113,2626.0,1725.0,569.0,6188,82.0
2022-05-05,300,3286,868,3980,2641.0,1736.0,599.0,6193,87.0
2022-05-06,297,3297,856,3890,2735.0,1725.0,541.0,6193,91.0
2022-05-07,275,3338,814,3942,2681.0,1774.0,542.0,6192,84.0
2022-05-08,271,3370,808,3951,2326.0,1740.0,556.0,6191,84.0
2022-05-09,284,2806,808,3396,2256.0,1785.0,548.0,5577,89.0
2022-05-10,270,2807,799,3393,2841.0,1830.0,591.0,5565,137.0
2022-05-11,290,3308,897,3994,2989.0,1884.0,654.0,6186,74.0
2022-05-12,297,3275,860,3880,3087.0,1872.0,690.0,6189,107.0
2022-05-13,285,3285,849,3886,3374.0,1943.0,715.0,6188,88.0
2022-05-14,276,3336,799,3936,3201.0,1935.0,669.0,6184,90.0
2022-05-15,279,3336,808,3937,2948.0,1951.0,670.0,6184,82.0
2022-05-16,278,2807,810,3395,2914.0,2147.0,682.0,5573,103.0
2022-05-17,272,2814,812,3401,3622.0,2295.0,702.0,5574,95.0
2022-05-18,285,3333,903,4005,3559.0,2278.0,735.0,6192,98.0
2022-05-19,295,3285,850,3902,3507.0,2316.0,745.0,6194,95.0
2022-05-20,297,3284,847,3899,3628.0,2301.0,723.0,6195,98.0
2022-05-21,270,3336,800,3954,3550.0,2277.0,717.0,6194,102.0
2022-05-22,267,3344,793,3947,3205.0,2328.0,737.0,6178,103.0
2022-05-23,263,2818,791,3408,3245.0,2364.0,749.0,5564,92.0
2022-05-24,278,2801,809,3388,3682.0,2407.0,772.0,5563,116.0
2022-05-25,275,3318,869,4030,3863.0,2425.0,753.0,6189,121.0
2022-05-26,282,3284,828,3905,3955.0,2490.0,742.0,6192,102.0
2022-05-27,287,3287,835,3887,3951.0,2559.0,751.0,6192,108.0
2022-05-28,274,3332,795,3950,3944.0,2429.0,773.0,6193,132.0
2022-05-29,262,3345,785,3966,3427.0,2416.0,770.0,6191,163.0
2022-05-30,244,2867,756,3448,3408.0,2513.0,753.0,5564,229.0
2022-05-31,258,2812,784,3428,3747.0,2548.0,726.0,5563,116.0
2022-06-01,263,3344,859,4052,4409.0,2650.0,813.0,6190,104.0
2022-06-02,283,3285,831,3909,4296.0,2687.0,837.0,6194,124.0
2022-06-03,277,3299,815,3922,4197.0,2719.0,860.0,6191,135.0
2022-06-04,272,3342,778,3989,3956.0,2667.0,821.0,6184,222.0
2022-06-05,275,3336,784,3972,3474.0,2600.0,898.0,6170,109.0
2022-06-06,266,2813,791,3420,3570.0,2736.0,782.0,5578,342.0
2022-06-07,266,2807,801,3403,4312.0,2809.0,862.0,5573,159.0
2022-06-08,276,3310,874,4041,4256.0,2844.0,826.0,6195,151.0
2022-06-09,275,3304,836,3918,4398.0,2885.0,849.0,6197,118.0
2022-06-10,277,3282,827,3916,4335.0,2783.0,859.0,6197,125.0
2022-06-11,277,3329,790,3964,4249.0,2836.0,809.0,6195,125.0
2022-06-12,268,3356,787,3975,3639.0,2856.0,841.0,6178,112.0
2022-06-13,268,2805,794,3420,3873.0,2889.0,824.0,5561,115.0
2022-06-14,256,2841,787,3431,4463.0,2999.0,843.0,5570,120.0
2022-06-15,277,3325,871,4046,4445.0,2994.0,904.0,6192,146.0
2022-06-16,281,3285,826,3930,4472.0,3043.0,922.0,6191,122.0
2022-06-17,289,3280,843,3914,4368.0,2996.0,918.0,6195,115.0
2022-06-18,281,3320,794,3964,4182.0,2925.0,902.0,6195,140.0
